draw,gpp,lai_mean,lai_max,ceff,lma,f_auto,c_fol_0,f_fol,f_lab,d_onset,cr_onset,cr_fall,c_lf
0,2899.3527649915613,8.140485087149726,9.173808248227521,34.18803436661513,237.85694577087656,0.5768287839028841,273.55333714201095,0.023526484492904277,0.1254121109353952,84.68065671631068,58.98339648299784,47.84347818481343,0.20908674036158753
1,2421.439586415698,4.583580458028937,5.243448208539013,36.99030991497618,163.30487930516716,0.4644717354484778,185.18042577181635,0.09273240583134411,0.04579404331499058,237.02012474444913,37.248684794860765,116.84091454298873,0.3236842226568397
2,2826.6861650489645,6.921324293793646,10.584146718759454,40.72739501275545,200.23992175701417,0.3797401320340238,868.7705648281863,0.056488318167359525,0.04715581817932995,206.85841053691786,65.9253813349978,51.371079460443255,0.2283276812550162
3,3184.576388935097,10.418862831578444,11.593668308023998,63.21748695979518,200.81736206764762,0.49760941557257843,1579.8493384876547,0.09885536349999019,0.10007652478687055,139.6746325495906,83.56917974363375,84.13038988312148,0.2537801669012101
4,2898.0620515891505,7.044165349758275,12.65410053448429,48.0101250882412,224.1000442060222,0.6727922247104469,1602.765489199663,0.05412729191627293,0.04025332515046749,200.06787846729492,15.904704086124243,60.074173065299135,0.22429596817406597
5,3114.4432950568635,9.026038357563781,13.65361038926701,58.70412574774466,220.41740493379598,0.49864931211796537,1477.2694364239417,0.134226845083506,0.02532621809037451,336.3060911145584,97.41645730720238,30.109509243262305,0.2608879532001603
6,3010.4101426110847,5.61573548604572,8.943588585791039,88.01863604306124,222.16693698262344,0.6593089068767836,1126.5548985434928,0.06057867158347968,0.036409672821627326,157.62816035223202,22.56456007584174,60.11076225408696,0.2566275403671208
7,3186.9491728194266,8.975815741867713,13.372950717692886,82.40084024545106,231.83290494699162,0.6438507567403238,1294.1225177518588,0.06989784733108423,0.08834848146489654,191.84291465586486,59.46099689274332,102.96297862941414,0.2278742665360431
8,3037.395446594424,6.245625945188191,7.36152894876917,68.66507373397344,213.92445363214165,0.3235035725576606,1420.9646655492904,0.038682439292424445,0.14967703202916485,9.120574863002894,92.96741271894861,136.1941584811516,0.313772434211065
9,3181.599802242055,9.750906790137575,13.29112937826043,71.59469580190958,151.89492232016283,0.6639382573836234,1560.6929867205813,0.04149116420986507,0.0565402994931162,219.4118131865068,26.388366416014126,31.452414525690777,0.21414613513345643
10,2716.6253278140607,4.9356603672894535,10.969697282077215,64.09282495373199,240.303318688937,0.5734018747547605,1227.5254013377148,0.022699447495507404,0.0357853607530084,74.9042125362599,96.41636260447235,36.21845282072772,0.23833595445605235
11,2286.9062728100876,3.1174690682050947,8.860227415313254,76.318740187358,234.53501714873477,0.6946849096013655,699.5193479667444,0.021192814615155244,0.045564197990422335,150.5049764211896,73.16270828189943,26.218264148184673,0.32713693979027214
12,2745.5690982069914,4.282182763928179,5.184113866548205,76.76210357702494,231.5549605433646,0.6639994389856849,378.16029756179023,0.06383085916649704,0.049060818711736974,268.20772256908674,36.169171378463645,75.88536906209823,0.24512834586191237
13,2654.0616034239165,9.620264936376804,15.813189541645057,20.69775732496028,150.87745336046535,0.5983556210608012,1049.2518889027951,0.012079669899585735,0.10279414689416508,271.55638811332017,93.73115231266081,106.06570331457988,0.22487761441948223
14,2872.76165752211,4.718536829416541,6.870929300823616,71.74454843294592,232.2551145231122,0.4309952682377456,426.2467869284743,0.08373102017265446,0.03295208457461715,152.92473775067972,39.74677815225705,110.02246628866581,0.26126168231046665
15,2996.0997996267147,7.293097727474911,15.07756088908188,60.83746722174777,147.59164657197178,0.4993995044663733,1827.7856629740247,0.04318600212735784,0.05895869436055649,187.02506427800293,40.162894485034585,98.8884038860744,0.30955409934755523
16,2794.9663698809363,5.551515446761724,8.327236582345764,48.38297933784223,233.4665449329576,0.6407030422459513,636.3877908458805,0.07015580359014759,0.07960171454500635,119.72245156363245,38.38420596341484,49.80236921344182,0.32154554854747563
17,2987.657799602303,5.171399015279773,5.569411122246423,79.26084660458078,149.36691955215898,0.5174820759006613,542.3053247225167,0.007527330648741181,0.0574240625697964,91.77953502900496,66.77131794148056,89.79444710658296,0.20574084883038746
18,2850.091452957346,7.323949214705396,11.550292144336725,72.65751216210846,187.34764015424153,0.5321364016926725,170.71367722280243,0.05584671702217739,0.13795357938555952,232.74552165628288,54.81666814452673,33.56396791134038,0.2709660895307225
19,3077.526342386423,6.236854357010426,13.613797932884813,91.47243836760842,194.86273743516122,0.5147546471118718,1675.5010688967375,0.039934205324435125,0.0822448918196679,145.816422663121,25.706127705191417,124.45971803516335,0.29637893209218663
20,1883.4432071741107,2.9160837020802255,6.953355424451862,34.30121858207735,235.0147352424376,0.6761020492659107,329.81872170945456,0.08787347903094947,0.028918558366602863,138.416818879502,84.10489242850586,141.50720121691344,0.32351294427353644
21,3222.504292519037,13.086986675171735,19.44743564242739,57.13731356360103,207.97640883730256,0.36545384716053264,1939.7430089476716,0.16733281486879584,0.06204966763671523,296.91301351434606,11.54877056640928,147.09122309743464,0.2350867634589887
22,3224.688605785301,14.505249526673005,17.562153564998614,72.14433557064459,160.68843734076793,0.39767597269772,535.288023609864,0.09032398381551489,0.11107074288035393,270.54412115716167,24.935244325561044,30.627804505703153,0.2391252733930006
23,1325.7243064364907,4.735028797067241,12.282433044938603,11.079246648569583,171.87826833458783,0.6544703030857228,675.1423730667867,0.053010457931441705,0.04218078634220971,221.87659660370556,77.89429783598604,81.40588961132701,0.2667175107650095
24,3133.647539617401,8.422141759874624,9.717614091769562,74.53195285722198,186.9302894278564,0.5100761223621949,1190.4962833729574,0.0686498681952044,0.11444865465639428,205.26196840727894,66.09567303505843,73.84234248653979,0.29650033099746487
25,3208.7516489011923,12.896796137919532,14.9951287812922,53.32314954523642,169.1589275874246,0.4301875614016883,1120.3254935439668,0.08704170965446222,0.0645766470295742,52.74009202175898,94.72309074568619,30.259181495588763,0.21019759211949
26,2797.0628662726767,4.09753406084741,5.184778622556085,76.87596957316507,205.07163114629623,0.6373079576620073,807.114743729046,0.009183175807716973,0.060427720401678285,25.636868080021355,73.01566711310173,47.39605821021635,0.21547632524079902
27,3266.901347395402,10.978683043292664,14.322770542615627,87.2144472332747,176.1585751973943,0.6001323901876104,1365.8670978685698,0.03704267016450848,0.16280890284420366,82.76716525958865,15.189771229651274,145.46795513058936,0.2563024701013346
28,1769.976688633436,3.1309406067642604,9.875050338702659,37.27556334582624,216.01017488322822,0.4470562863743018,252.4710321976145,0.042466128199090764,0.03919278944091898,297.36628051502464,18.243720854355292,41.788634694768135,0.32516831307781835
29,3316.112101504171,17.838537823881328,23.051343853434815,86.38964135804231,148.3806337650936,0.6079708251036315,1922.9871426981204,0.07681971087626936,0.10377959213994924,34.53445134031936,56.75389094897597,65.33815396038167,0.20937903543327852
30,3161.7228271291115,8.802134792066157,10.353515906396439,67.467415857334,152.41289979839922,0.3435351343638247,1370.5478602711346,0.07514221103265215,0.07127888791894542,357.5411131051221,25.71056531957947,130.91049145799883,0.26246061626801276
31,3303.854024414212,20.66514316786996,25.754308734105706,65.07860917589224,144.0487468898995,0.3443257379015514,1361.0405997631644,0.20073828919154482,0.03717583428623771,77.67894599535363,12.312849096551128,25.765149316852394,0.20420557082597623
32,3008.522947996967,7.707857226412425,13.870078998805567,53.54587840541197,163.12091881916962,0.6078625531874683,569.5791819684156,0.03727612124159864,0.07203285384257858,247.9029302963426,75.19906075511665,116.69071566755693,0.25870592545496035
33,3146.323242187204,6.767615777914268,9.636393526165383,98.97022000336764,233.80718178427975,0.49862840469234704,894.2718336379427,0.0674564671930302,0.06035979241355806,191.89706414520356,98.83175846850875,140.66221908192279,0.2228049977926985
34,2948.165704735743,4.897458001227856,5.926723311954135,87.44039975474914,232.10923392909154,0.44471440822476094,317.1438050558452,0.04386992251851186,0.06807434510654149,43.366162297102846,96.207101746687,88.1115460191436,0.2015915269405464
35,2538.8923987594408,4.6013170699515795,5.399830391300606,38.96317381771045,221.28002418908974,0.4621744908541759,537.674982612138,0.026909538639468742,0.06530271486953813,35.43268419883811,59.340593223426474,66.87425404274452,0.20060031303588505
36,2979.6498476025095,5.272119735754264,5.728283341303478,83.96914067819128,176.53499885486235,0.5588351793641129,208.33663606901894,0.09035821874020014,0.03607147105871609,157.75518580054768,52.66989723221143,105.24124082982492,0.3017410520526786
37,3257.040189826478,13.045932994389101,16.17500987761255,89.91228002351419,233.5164359376381,0.33787560135984185,936.4139636860215,0.22708480921901272,0.12728092055770351,283.16302603898055,50.10927012874927,89.24680597167895,0.2667309683533736
38,2474.8396459544274,7.883162112165628,21.791500855208383,21.985574982571674,151.01820315270584,0.6588858487798429,1818.9620701850845,0.027972232937350044,0.08105836349838927,99.34400377350174,15.967343374003214,89.20569618822684,0.2909606795700946
39,3252.0647819098413,14.066893417595082,15.718406105251619,65.31831791628699,171.1061535438632,0.42729778668130813,1074.7256931472493,0.1182953282574334,0.08328855279880441,257.03243633931413,70.60902741412593,100.34253380076983,0.21879658955209993
40,2603.163584741051,4.267579276138827,12.730620993874066,68.78445940154873,170.3391614420979,0.5156442384055643,1093.0607308635124,0.04691987851960477,0.02885055086175038,342.15356169182337,36.86188908061861,100.18667389214691,0.32376433234361923
41,2414.555619305828,4.268806211798439,10.655359591962855,43.745363083526414,199.76597944777905,0.6809512560749652,713.6040663591268,0.07760984214511117,0.01258041978379201,347.772465033752,91.94065458577047,110.9803228463214,0.291597623706952
42,2481.338406326369,8.825751712398654,13.744250667543167,17.12275552132185,183.20097896565835,0.39888572701920133,1212.0906601039028,0.06090761727883368,0.07488116961709285,98.4032315005976,47.982584028729775,79.05747914937945,0.22309307109685939
43,3145.078886692596,11.611414925213536,14.01075803593996,91.71659251842004,174.6281025900572,0.47676740878321133,160.63055610484108,0.030034512849940128,0.16454852143862028,236.1115351496866,26.43065252557039,144.92270881098926,0.21734475940160058
44,1559.8676510547377,4.016026601655112,8.036023744670462,15.570099663281546,177.4942634607878,0.6218024728923097,880.9533806435968,0.07373304983479946,0.06590653605951086,148.9270758690324,31.78823130410609,95.87309255822653,0.31888430970229065
45,2126.4161895834077,2.8882200986209488,7.441772513040682,69.59228999857599,232.10916149331422,0.6861454279637554,1491.0803423208984,0.011133656299796603,0.05696840735513276,257.18938528071,45.301148061192315,110.43595898096919,0.3016400626268273
46,3108.144430956786,11.845691176742948,17.080361362904455,38.2745808197997,145.26314731519943,0.44722564041089763,812.750217515969,0.058314347950748247,0.07368107517993004,59.8310468297766,56.83591381870321,24.56256948989475,0.2533608825648278
47,928.4406839908742,2.5152324771387833,5.918142239216527,12.610513772809519,234.1372369495656,0.6356478285690053,739.1262435423927,0.04295947758844512,0.04201420392504913,263.02267637676596,40.54903816947112,102.74289918385675,0.22825333327597538
48,3193.8865068165223,8.258494560460404,10.130533489124424,87.0333932940891,238.26624505195255,0.35731975250155473,1920.5929920034453,0.1129602627377576,0.04625516317988104,102.90938282313606,20.198453131525724,114.8589480509865,0.2109476343860356
49,2884.824437173145,6.551530747685241,15.814299019597964,65.93823566788703,156.47865835855276,0.6959973354278004,1463.475586697113,0.005789202549934654,0.03778686114071542,266.7558603832513,63.97369139797923,127.24501167504371,0.22186999952308456
50,3148.0598799696686,7.871466496514354,9.748125387981903,78.63751275963695,208.3571892101803,0.548226772798187,243.45177185771732,0.05793342272652424,0.047964902144758126,68.42381015286288,85.46353908797833,45.93768796671185,0.20120321178658765
51,3057.4130519266328,12.652901167290942,14.464467730810235,30.65149706595789,230.80385118340536,0.332935738650393,1642.9471822741993,0.2293344492911892,0.12116958114001837,75.82408622630325,49.41002525382771,96.23627971233618,0.2558771402000577
52,2797.409825876179,4.628847494070266,6.23890173273513,62.116646730159495,187.15658593461734,0.6636643174297646,731.9276084370588,0.05819009262003423,0.03503358449619073,116.1181194668908,16.203618184342616,74.19152635264018,0.2782400901874199
53,3073.1561744075743,6.60802435546334,9.396244949736326,74.08060385175854,174.92888621682184,0.5579839239373391,912.3384730672947,0.03979848741227439,0.07830871488373463,167.4435142674895,48.126420733932775,121.25537514732817,0.26014958747088784
54,3241.405500059412,11.754081462219041,12.995326735727854,74.4966926789053,155.90353940101681,0.3740239507462048,1745.769421423455,0.08183913370062136,0.10229754657620976,50.37951216537344,36.201468655485705,38.12325531686672,0.2672820521299646
56,2689.3897549566304,13.197977155610054,16.102929889078165,14.022444564551721,150.2857419504454,0.3105068666662584,140.29429746853964,0.1376117466645836,0.1311419652622361,42.42305345529242,15.86334726554691,116.5059768896023,0.24595565104975026
57,2345.131060903391,7.560899961394312,8.476512047584196,18.09044581477636,198.97770602944644,0.46178724232633656,1343.838388473239,0.14972110816714043,0.05100413218178666,271.01712507958024,35.4434499983077,68.22307534337422,0.26494116979242077
58,3058.0498962632287,12.503675560130931,14.862608763829103,38.42846178652255,153.52271907336737,0.379069720038984,260.5462915959141,0.13173043069055834,0.10165718646844743,220.9533256094803,70.80286622439102,79.12967864105681,0.2901466316080602
59,2287.9817975566657,4.454883226030459,5.478840912113215,30.869357745309024,211.81721444808377,0.44192518702888284,826.4287604662251,0.04909660559678971,0.07891342195051805,350.1004357045311,52.047696470945915,59.45093086055284,0.244688644153857
60,3137.4175360674208,8.422415038246335,16.563010622680896,76.33960626000174,201.98336854506766,0.42064161683762474,1538.6379326505376,0.09255644207312107,0.08730694979593456,324.79988039689306,75.63433866935084,95.30773109740728,0.3106093262142439
61,3203.235345260605,9.222537519756683,16.738358732403128,96.63227676187196,172.54189952002105,0.6765134880342347,1295.7529587535212,0.05377606374053293,0.040392640408583355,285.80628736166017,60.174927907354075,40.214123298124775,0.2322964188289019
62,2640.9279101937486,6.464272616481528,14.78102877105151,33.47631159345889,193.18321380254667,0.43405916755543517,1405.9830636472147,0.060966107011589984,0.03585892961958921,167.24540615073016,41.026882845037655,129.9690930723136,0.24785797902683335
63,2751.6460567545682,5.690377182598487,8.438944354731316,44.7537886007168,225.80818620126422,0.5713635259258554,865.1970372558459,0.023200775294789276,0.15101898509684894,14.503614524568155,14.789637175718367,35.09838211735752,0.2500352326412926
64,2896.2205879243297,4.647776411599141,9.271973166996398,86.01697865036299,193.22503324884062,0.5592023812322962,809.4836092688547,0.050012403032717964,0.04095340993847057,326.7956621107821,14.224234512694219,145.16599474468256,0.28334919356654065
65,1671.3081232552472,2.375737506697909,2.874886543802239,32.50161253916444,204.14486755841034,0.5500318153709207,550.922640740378,0.09220151945476827,0.02324527927642879,299.9337534310573,92.76043413235561,116.13591456518664,0.3064660934691642
66,3068.567797736257,6.71930580070827,7.403685715541556,65.88474132048793,229.14174517332765,0.37566544309581085,1132.1821771241748,0.10945108053391213,0.09797680191904107,98.83185478238013,54.48197150887437,125.27877160632453,0.2868386232175165
67,2290.3607017317204,4.976710112551075,11.372342300950466,31.916856504017503,232.29095271655265,0.659047966499086,1919.577391123618,0.009739030357599212,0.06048537314923071,121.89220814629088,68.17266913568594,86.44907504122055,0.23614785114582632
68,3249.701299294589,12.745479339207272,16.21875473793168,74.64980581139555,203.35219476063972,0.49135113022301147,1916.9259535910028,0.13059092836963693,0.05323060250533369,256.3745491146926,13.743562769308355,25.253390618820045,0.21737032128965839
69,2705.1097349485804,5.582963276367051,11.900109738382843,42.02137437853601,145.20841524333835,0.6752047893910744,67.63447150903137,0.056818588236465545,0.012940851271074881,73.21307538781542,48.88435061633094,115.60038645984588,0.2504624527681701
70,3143.418899473899,8.692825389931265,18.30320136670643,74.37155154258699,151.96649039636185,0.5139624539950388,1515.2993164153518,0.008183429393650866,0.07859606449710041,93.18038434033045,96.5273394564496,126.4120265951081,0.2371885738685862
71,2932.0189358009134,7.0336620634074585,10.7166303114924,48.550920184427184,207.48322474581818,0.5015426648073438,1176.104957360738,0.10313554917669038,0.05247144739174172,99.17361938510093,88.19727589823793,47.51070593045576,0.31026582181218276
72,2013.0288039901338,2.676214231431313,3.3487819445276763,52.294522813118654,215.04361377138213,0.39228179772754235,140.06878014475018,0.051270265918788756,0.05796642787681327,236.78646520294055,15.918732740462417,73.22853518678515,0.30668418003656583
73,3175.4943590998323,9.401401039249743,12.103168768871614,73.01096102375948,145.3575912964953,0.4625982895475657,850.6160027773243,0.09305457212580139,0.05829421146914157,354.5732125482818,12.145830273674747,32.030502528103554,0.2732606428613885
76,2914.310609672645,5.058852587868306,10.184867986684075,98.97178860202087,216.53952568819994,0.518178191698611,295.17841186249626,0.08853840323083473,0.05036501107454331,322.1211605965753,19.575489921040575,113.42184591660836,0.32304725518155086
77,3215.4521488344153,10.399993070930057,15.663099696516447,77.40889740456639,206.2564212811517,0.5397092223714681,1666.9956653219838,0.08174703262694381,0.06826215028632399,29.899552682770032,57.67172090981132,64.01730096259898,0.2262824269657169
78,3083.3338627002786,6.903387099948235,14.47032862379853,90.20958208267511,175.38552203631022,0.42703910358349184,1923.515785320952,0.02354343481178207,0.08658283834925574,145.06142853445806,47.20507200385646,86.91155685927365,0.3178707440290449
79,1953.3883058872273,3.7305814879976564,7.162510675307704,25.89730160140809,194.34349204294654,0.47554885349717224,749.821652181697,0.10169604223536496,0.01741990943593367,329.02927199082507,27.889596043858,133.58572793387705,0.3069117844597893
80,3042.4880033664404,7.740750060680154,10.988938219364085,54.51925758144715,215.26057979057128,0.43160129924625273,1694.0086882988687,0.09978671562376216,0.11274586765524008,37.2011814917546,89.11946148248687,92.40127336638632,0.3181333289045849
81,3179.7258480650207,9.80642107993682,12.109090250780769,85.63050553611642,232.78209232143536,0.44129678114390575,649.354632072809,0.07872220998032693,0.20386822270278107,174.95606164198935,13.543822870305204,74.15924900667056,0.2996145633376219
82,3016.6706637341686,6.358672264358361,8.830675496194374,68.26302966792227,161.26138532232213,0.3136624090063301,132.70077074748826,0.02919442416793526,0.10530443779963844,361.8986247302616,99.18817536911867,93.80396492217737,0.3169067088615469
83,3282.2827803812906,13.054221099307423,14.747378409022346,90.68479442636203,171.9152669968075,0.3759696786939831,1666.0629138452832,0.1806966789630539,0.12304883857991736,10.527962241588101,49.441819862102044,98.30324706614037,0.3252305464284306
84,3114.6041752239735,8.145411862061023,14.09947599932246,66.21488612928735,227.39233067252502,0.6601271291313778,1741.1479040512872,0.02306106155907603,0.1251995448230391,46.930972433256755,40.62232252419846,72.02677991762471,0.24152763200751132
85,2968.0717071364547,5.2407943550307925,7.040590466315862,83.48800828387289,163.05530326519363,0.436285915363604,84.59811410991605,0.05486583398389414,0.034758639893315,302.80014859313553,66.2956417688271,31.74594888283226,0.2801303320415982
86,3246.2390441908856,10.021227664561504,11.774424956544628,98.79621822459325,206.39211761615854,0.36311772536746223,556.9758874277444,0.1439607424207027,0.06413025413266227,10.64858384250174,23.030361575608453,119.76192131986198,0.21833466691612963
87,3206.4902201187924,10.166978742992486,13.909058088369498,70.5405530937011,166.1036118867503,0.6844728516010702,1753.8865206054295,0.11166365119140408,0.01637527945200735,33.953835795027665,17.07693686489089,116.19761481889266,0.21188934624754308
89,3046.4993264814575,7.7205013571772865,9.056765884691627,56.380924780265765,228.32823808440224,0.39723067950178576,662.4666946583607,0.12716226720706036,0.12458438492327653,166.91949136033884,90.46983600788958,131.54760541984,0.28723753578037325
90,1965.3580243275553,3.7617683655987837,9.737541567645634,29.61427067571261,165.20624335149657,0.5955044657819013,1038.4387787660185,0.026388238615551205,0.03381825754857652,9.50216150092358,10.019917116266464,88.05218013463617,0.25764330904300936
91,2492.09520428566,5.68078389027025,15.590434311266476,39.39581000220137,153.73088899747458,0.6000112424259096,1919.6931247271502,0.025004538292201072,0.0478499563057059,24.1301965755417,42.97296491578891,20.68632597046362,0.3315420469930117
92,2616.0425108360696,4.820811437406388,6.518149217477449,40.67270887670984,237.12119282547238,0.3879823659864794,1133.5677998408344,0.010096358145907015,0.0987982746600337,120.91851959448393,39.27101399197815,29.980953023194942,0.25862074528594675
93,2901.844004489732,6.722968681512527,18.246773929827,64.69641235786665,162.95654009907994,0.4356483400836184,1815.5802873345601,0.006445607124903209,0.08511728258505538,302.3234213569601,75.3975674080719,85.64648270008769,0.30377782984443236
94,3185.0876237889393,8.048904789822942,10.251892121332938,89.33353381311605,232.6694018820658,0.337758889098146,356.4261989472793,0.0736840714676583,0.15674001200584864,80.18551853848632,24.429332701010214,101.76785617668297,0.25603268757595826
95,3204.181462491195,10.654196487817682,14.859888630018949,83.66687486085158,188.07544382938374,0.42682008146793704,156.1982024533643,0.07864849586340525,0.1582479957348181,29.374937752001184,24.70583794909883,114.7331054601324,0.2259061572398934
96,2116.7543417988586,4.260153244304294,6.313552009328027,26.167133858238362,207.7780590896004,0.6064259056874483,240.99209263306557,0.08958703876942095,0.028182514437928175,170.82207580237136,73.44223844751656,92.54401441386685,0.26024025624041636
97,2981.5425263391194,8.041988502434172,9.974075051856161,61.50293546418969,156.4276935696987,0.39367991853127804,101.28488997558583,0.12873885870499455,0.05275179684252453,292.5460484785387,42.507999573622236,78.34247234079093,0.32726011053717846
98,3207.092876099284,9.354719288896765,10.704078109204886,80.41966248505126,239.7795070290322,0.412402978991704,1777.68155689851,0.09317427552750542,0.12468371525577063,336.1379748519761,97.26469025867546,123.65306225960624,0.24331205765515143
99,2879.383823486476,6.047205951379566,10.496537764361731,56.0388286872565,188.4417260629779,0.5925220324718501,1973.6572468840413,0.037937143135410224,0.023396595434009432,240.98234419027798,28.185950212545368,31.92011179189257,0.2091547517198178
100,2964.5067690957944,10.046079689122632,12.758534768451662,32.17030902755701,179.2211490004015,0.3410164318164608,520.0564359929297,0.04588206887404939,0.1315697129015126,172.02011331917114,22.54972325873279,127.63219731615659,0.2275424744076467
101,3243.5967838129122,11.250951784677758,12.707927508618091,98.91336215399606,174.8788513028971,0.5392031462668311,640.3279802295949,0.08743973254189281,0.10823530689852294,180.67568992499397,27.09819010436859,59.64380221963409,0.27903423054342613
102,3205.387184194612,8.286321303502692,13.615019847956388,95.68113664069925,168.93627054904263,0.6833262708960639,370.9373934872988,0.12467480547830835,0.03194442435012419,96.48569736318608,86.23828328664709,146.307640309997,0.2964114676021418
103,3269.2868320303764,11.856192508661579,16.937000865144807,92.3499619663541,173.02657131858214,0.4352071064535634,1700.4701065999454,0.0788699707627671,0.1397792770537975,117.36870353707403,55.66254492790848,85.95401717269567,0.3070744792077598
104,238.27815388480244,0.4807378088951777,1.568477521502212,18.395354734382018,183.7604670797117,0.6090267548803919,153.8801645696326,0.03153394495567893,0.02290709575763225,18.91770075711243,55.132947679795606,114.27294235114839,0.27468676266349223
105,3296.181186016338,16.157481975482092,19.428422216172006,84.50074842053574,183.35172161330095,0.41048519615522827,1319.5928094646563,0.1275986211525686,0.09843965813058772,267.26039385741575,82.17668097155153,46.934911687507075,0.20159838350402126
106,2506.1119509784535,4.305663417352093,6.800766269929385,42.702040171208736,236.44145741653446,0.6090667450689475,1389.3865637394354,0.012741111868268666,0.09435159436093675,88.42421384364866,90.61619677872177,27.675278532878288,0.2813426119596927
107,2955.143110201096,4.763742851491237,5.986398363257477,93.84866054624432,199.05256212729347,0.663698296941018,686.9090748024131,0.03853247636496869,0.03222205562702656,344.04443164085643,15.753120663450481,55.190258699728965,0.2031875551040191
108,2767.4675563227597,13.506806532139416,16.84110229161769,16.708935588186186,212.0068421255799,0.5208470942452004,1765.458178193017,0.17552769694270326,0.12126435388139725,340.29870076748637,12.182009623081068,30.050988441491725,0.24590133112360807
109,2953.559570880384,5.541990878926871,5.938575402336865,65.79845920355558,186.68006694242393,0.3787818926380677,272.53042367437575,0.11315186416490466,0.04757169587497153,308.07453947749246,88.53218456399436,133.83894694595614,0.3213373519831814
110,2882.9267679122913,4.812700722598498,11.070296683179572,82.5458667458107,194.0462546749611,0.6399355777033677,631.4687116610673,0.028295853797267432,0.041937279573338884,144.56011958141121,30.95822076943606,122.691692491159,0.24827331460218555
111,3043.5579854469684,6.696110400393127,7.77203970330355,67.17504882207123,201.64199739930953,0.6638316553132088,1489.7866314635928,0.13195524892902336,0.031057212688830712,58.067007962755504,70.01576593663879,20.943572404895292,0.31787878713251244
112,3199.2005157178755,10.43317555347938,13.043004226182978,75.46842322469348,218.25305748792272,0.4258945196398367,864.9924859976063,0.15102453939780802,0.13170845329830466,288.31962868309455,58.934094364001204,26.81711836046701,0.3216869787539534
113,3024.9473447252485,8.318384214186851,12.515941705210436,61.23372211298816,161.8086201987031,0.44996144646429964,409.4565078387687,0.059443945372581256,0.0775238224447517,285.8218924943066,19.22166102290535,34.2199047973473,0.2786042113256071
114,3240.311625868733,18.687969499372176,21.13812252898391,41.995783365567675,181.34131243335798,0.346327241439383,1574.7668559174638,0.23437101442952396,0.07748729528047694,276.0636862678994,71.7877005642095,113.4353535861752,0.20985332030484632
115,3259.124032789942,12.564459981110836,17.769420333627234,77.71310871079028,145.35583829664918,0.4683107294465675,1000.0945509232107,0.042680223808937254,0.1440665474912261,95.24959023110651,75.62672381245078,83.53717724688896,0.29576289345811746
116,3275.176346561195,12.666974489738068,18.683908339916,98.80805622916647,155.3554708711035,0.6966580390456641,1435.768691250925,0.08695409844682368,0.04852640312836688,259.8763339271627,50.391932954285295,51.111247338463485,0.22998866154834396
117,2399.167228045153,4.795476919538775,13.402358681018836,43.21386491771507,204.0664724085977,0.6842237659463746,1329.7402501488332,0.012848451864748197,0.03537850450439248,334.74261173168856,99.62089922368277,121.05584438244907,0.22479735424081274
118,2032.2439854794577,6.681041222888528,12.76000306845298,13.368713393383608,153.45751104403232,0.6201263184027936,94.08356806273005,0.031328558455837166,0.11725665692325153,44.09081481726772,33.42531014500352,126.73005746333318,0.2675601678178065
119,3042.1836398326004,7.514356110781914,11.308594232316837,58.508305952209355,192.21809675768083,0.5842095570103611,1870.2313874734741,0.0701866047305103,0.03405694942774653,294.64008728405327,47.192401686278394,97.27303511997629,0.2194144548438467
120,3148.471844056958,7.0599789856821955,9.035458776896578,96.19786744492747,226.13331145117397,0.3032011033185127,1108.9054389011192,0.09371184384510688,0.04147678347132263,320.79998698310175,32.59895919781199,97.63797200172573,0.22716509551239025
121,1968.332986200068,5.818411220658599,7.676695960432829,15.86552583182,223.06740816694952,0.5378073803053931,1407.7535639124765,0.12560766979722382,0.05266249318787931,302.82141081236466,39.07313171405089,46.94249639080539,0.25465072801932975
122,2992.082779267523,8.550078037367301,9.856255074014403,68.45099650340828,184.54561517774135,0.4056947650384454,21.937158602453792,0.11258353047992703,0.07082241895255102,237.56597631605428,50.3831598014355,119.25924379624446,0.2545141178953803
123,3245.890678228929,13.1002688977038,15.316097681095139,73.05862641451333,201.66952339430983,0.39166514305673095,1650.7612675098312,0.1304261457847456,0.08093949198069607,265.6922383452012,15.317501020339387,43.90814417165774,0.2191995868549236
124,3146.790128705007,7.124182941938865,8.95296344624263,84.09599556809655,219.1516278798617,0.33033006708377816,1416.2812060769634,0.10884077367334377,0.05358602012285203,89.26791160946944,43.299326904420404,128.3952968539966,0.25437183192403745
125,3224.800384995799,13.634545596454288,17.374608889893015,63.783163356835374,173.36213847413964,0.37715194893019777,1085.5721646853965,0.08641578877203909,0.1719092381054371,295.35002008668664,88.35312887302314,83.11604163530005,0.2483054735604721
126,2901.7403745156703,4.780395621716595,9.717341697859672,86.40024457634306,195.53720389755503,0.6689244094576019,607.2148414915115,0.07000459566242627,0.022356524340143787,324.3161340713444,53.42004269607511,120.40710576096626,0.2845957525873863
127,3250.1925469478965,11.447351329841624,14.335771678985209,91.52822567322268,168.03416240641548,0.5818690024956638,1203.20554040775,0.17432960468976552,0.047799688314154515,320.35341646341953,26.4549267275256,73.69139734185862,0.3096265848430023
128,2928.5705715372837,5.159174504190003,8.313822980544924,83.18973706718613,234.5860918598715,0.6887222165305507,1842.4651740144586,0.026545066777187203,0.046389210707203976,224.89931102258555,33.635275949447404,64.98742682420948,0.2129273637214122
129,2395.723940132255,3.5648865355254347,5.109758396662304,48.90707451631062,199.40785904134026,0.4931260495774333,132.92520807402784,0.04371828220122321,0.08949604164022447,67.3425687977969,31.167619256568013,77.8606468706868,0.2884085716314615
130,3317.919212185658,16.92635531944527,19.648708528516714,97.66214376726693,190.6038373047434,0.4027538472018174,1714.8582065087392,0.1893158183989895,0.07146945700864005,98.06432347816812,90.44708200165688,56.17486554454816,0.24492087298906465
131,2795.855476778167,4.577746771912702,6.282911270538049,65.48022085078881,230.8272279703163,0.6531691480859712,1296.5319036122573,0.029652645570036336,0.06176592080114939,99.66847687226196,96.90731618912885,72.43266494482786,0.24024916612357122
132,3123.388366349845,10.718632832746579,17.298181333443758,54.59005046545137,180.84127505721037,0.4542290372463032,1199.7610273748169,0.021590775067668867,0.17118762673346577,261.9850543180973,60.960673516758185,72.6841614667751,0.28891726289630476
133,2962.890911424744,7.312120852851525,8.025514238116342,48.87185370529759,225.17027878773374,0.5548011773949119,1655.103380825071,0.03684953825568106,0.12303066572021619,163.6540707114076,82.88294825527227,69.68822346691631,0.24748518698045574
134,2521.8394416962215,3.7427853384970935,4.965921113771659,57.8429598109172,212.59871059657493,0.5338998238171228,113.45403400342364,0.05029484901348604,0.05354900790266635,98.86068030523121,96.40940969233986,93.90597292209264,0.21484682467097974
135,2897.391948911634,6.146592988223093,6.849732395110649,52.675319788378644,178.8242774384804,0.6304579872853251,105.30105669778524,0.06861173896507165,0.032740749652419375,127.56981815700287,36.57447271554777,51.351321159880996,0.23694793863037752
136,738.3974290908382,2.2063391697974133,5.412783092018826,10.473036233834184,237.53811330627548,0.3961840999698383,57.03932412644039,0.05956330930546098,0.06636397419848696,113.9097664658386,77.78131979844791,61.89686897127125,0.28375336779813704
137,3096.697651741013,10.070120568257854,11.298039418484828,49.32159882995704,152.11481212268612,0.4875775069119537,1494.961081884115,0.06347116551529165,0.07865449247331023,226.0657390018668,28.10542990204062,52.5364866872565,0.2532084790812766
138,3100.20423484105,6.98311513303504,11.461772078393613,84.45882524064542,173.73563065314372,0.5857512495614416,1966.9119146128974,0.0400535539617674,0.075378026554196,311.8337244214439,60.04149864081935,27.775174234537452,0.27680843556687806
139,3088.492714913349,6.047653408551151,6.9077245080520715,85.45863923405444,226.62019140254915,0.3254329109513789,528.816963015766,0.07954976068926967,0.12268000052180376,15.330962056420166,30.395860849494127,146.60052481026383,0.32160315180600796
140,3156.991223346905,7.287260389222075,8.941135735533777,97.35693480663838,233.52294483514666,0.339865414892177,977.1860631647046,0.027890713005787323,0.11991387927679936,336.5480140552017,79.71818469913293,24.530018924924214,0.22087182072103786
141,2993.26429036679,6.104040746628051,14.200123866429252,87.69181372389974,171.25737116511797,0.6169678716316649,1192.4847464709906,0.023596016081443582,0.03515679730973059,341.35213829034666,76.75029575424081,77.0099009812175,0.23460529235917743
142,2328.248383024713,2.9030516821190107,4.787413841204551,98.71932987440785,194.7967194911733,0.6589876896542821,146.31152436891387,0.06216791873627472,0.036720653054931,271.1509792451601,22.4675795576898,39.14541181631424,0.28281484132781226
143,3245.2344862730265,12.360430670272596,15.413620071767896,77.26203375932094,144.77255439113733,0.37061586538219066,951.6748744575029,0.05658199255183671,0.13861901739235716,39.704117816084576,80.6875074657636,83.39448024361765,0.2413807724807486
144,2938.3216037219777,6.012093992091711,6.552676994594988,54.99904847695511,231.17457531882158,0.5429383362490574,1353.9106550939107,0.04263241073662286,0.126318631745897,77.34702562472732,52.40551376164948,81.96512510783512,0.27196984727831336
145,2822.360482058685,6.598657985984459,14.98684685493525,49.182275777347336,193.67800477620708,0.5983541419136822,1063.9583611083578,0.05679674227733741,0.04550832843993225,195.01677488336642,85.20273251172077,47.84266826826446,0.2968185541840187
146,2273.685724737199,8.421222474902532,15.393093429845491,15.031586752074134,182.26233061651766,0.6811815005722277,1981.4391749444878,0.0632861886590825,0.04857922821144559,342.6232265572599,36.879462563013334,67.82407611790092,0.20643721719234107
147,3253.1308215448876,12.86202629833142,19.017648143237402,85.87415292502016,164.94218900654434,0.3040640275819025,831.6658185651122,0.10089834552336835,0.11201423003517574,243.91678034207246,64.79717261941117,73.69332823807886,0.29386454462019174
148,2985.290470057767,9.352984485533574,12.776472565877985,36.53808746554223,169.93886998396002,0.6678381750066753,477.88386410221796,0.06448223040540678,0.045115291253769826,45.76232351090929,31.550713888739786,44.20411444311567,0.2129319752995995
149,2438.9337143461707,3.212210334619828,3.925472548751866,58.61379969882549,217.78466874961236,0.6677453367608208,349.79902912572146,0.07259676429588488,0.036947848175020184,301.86497362304544,84.06472029728828,111.04380231811889,0.29879273116700855
150,2821.009837675118,7.793274355782227,9.635684039165085,40.95639717783795,200.94938300768445,0.39034681646147706,168.6589508511078,0.06507752692681824,0.09759832446336754,326.7541658915223,16.22610201620877,132.40433653038804,0.2304088324227989
151,3245.8413863642745,13.631523175748118,18.89478766169082,82.38918248522,235.85319639194387,0.3074743493967332,579.1672534940527,0.11544324420934965,0.1877904211101931,278.3389394321989,80.29202525096935,27.359020176656195,0.21336232107200118
152,2585.480045814265,7.0746728543870185,10.797038871165258,25.453061393357444,200.97437054119064,0.5485955912174683,1362.6810574780677,0.06889182786781835,0.055381100358694965,310.46075631388555,50.22476906940148,109.38596814040672,0.2222556477706143
153,3131.1201083765513,7.764278896990165,10.860918962963185,69.89266880896594,194.56749801362977,0.32062729204380525,1903.3147389636713,0.09677098857308422,0.09841072180883395,55.71516841792001,70.78602111278389,121.28556097012978,0.30984797570043027
154,3173.5878175418284,14.773859577355381,17.240208194202,42.102558363985096,159.30042015226354,0.41241160539494026,777.7189886048798,0.10964642239962129,0.17206915768270303,154.6738660385363,91.53480316584805,50.8197123354344,0.32197717096596945
155,3262.7408608484616,15.973397022758945,21.742447292052574,94.25207775410985,169.59988664287613,0.38958110380733496,338.4875665407868,0.10834603084389771,0.13043144972106233,167.18009362713585,24.828622607851734,35.407862798424276,0.2026486423982616
156,2179.2381983032633,6.81952651196251,7.997071966860908,15.908620569682448,239.28353734903266,0.37581251309361374,52.18657327773507,0.14359505348427923,0.1437327706405607,52.52410902374387,24.149671364504115,38.03516831807261,0.3039450849183276
157,3051.500947395907,7.060232726468868,8.856266294624328,62.714779216306226,200.62011340839183,0.4074985529783608,237.81895915481192,0.12879751971773318,0.03419033270342837,279.40759432014937,77.45313669981117,112.20017632138357,0.27854348827350395
158,3190.707791232121,8.351603535474874,9.424352306192462,92.79659561387494,173.22729635594888,0.5146107758903784,1562.9308371585998,0.07353307830186061,0.024685066835842553,147.18894825715506,94.87397632974135,47.090217175806444,0.2043205093707799
159,2963.169442118876,5.397660793491278,6.270877480120078,76.01995664181777,198.4155919879561,0.50856852191348,978.937888356069,0.05400032873647321,0.08435763941059683,347.5620967601621,53.032955678235,89.7930922312989,0.2915982902350434
160,2921.311963196887,8.531281594628222,9.158483615233735,34.48066008254288,227.62476446156296,0.3870202744352962,698.7110789462229,0.0643390170178982,0.17336380304241616,62.96213005219921,81.25948492266919,81.94583643369316,0.2791078562560534
161,2632.1439240558143,7.240977682035222,10.099151534314878,25.781047254321393,231.96880295105328,0.4575965015592658,1255.1200581355997,0.07959535046395373,0.13444296894889282,112.49777494662499,96.39582737256157,102.28026871085247,0.28605222050620416
162,2544.6742063606284,6.62462118585319,7.917965487628281,26.86119039544337,208.30723102106728,0.5411043071202704,1552.0129832925652,0.03261447641091945,0.10630698594424663,298.73983928377817,86.10239769705096,49.32794865154409,0.22807084592642685
163,2634.4784975325565,9.509090131654888,10.660680540990292,18.98213990141678,176.6037430940288,0.5326629186840058,1145.5376184150828,0.03937151529738323,0.13611332462981995,132.99797358102182,40.809730115287834,32.411929050312,0.2472016898490407
164,2518.7966928028304,8.52358481642751,12.617037169635015,19.768029571036784,168.51254532662077,0.3408538894965865,1342.5994264605308,0.08638749696460005,0.04340322542812984,249.51594870183348,44.077462255026184,46.11746771749396,0.23691886201137352
165,2552.229093809951,6.255712501095806,13.574416735593303,33.01155842720877,206.88706734016128,0.5768613311054656,1744.2167104021526,0.02753347417440746,0.056575116686976415,287.70948807049206,62.98637893826862,139.5947837776842,0.2366258503261812
166,3208.1028065256764,8.882337268139345,9.63488009622436,89.13587170002616,216.04947298287988,0.4631136202976477,1568.4454679819037,0.204108642012809,0.04310281488089817,217.6804580107163,57.92804261645335,121.41925055153382,0.2939784329351637
168,3106.4234123409124,16.236081031073876,17.89056999704532,26.93196609404744,158.8988193331255,0.5127842017405045,1555.824120604234,0.10233001118932512,0.12222921673014005,210.20349750485911,40.953444840239044,147.90199568951977,0.20579284912960474
169,3007.728729229253,7.510617278987513,12.975999895817207,48.252868513113896,203.38268736628535,0.3819351338633405,1373.4885565636364,0.08315713936459238,0.08610531418566784,40.995752309946425,20.602810882117584,144.13105703893655,0.2845389192996613
170,3206.0232641550147,11.87694654606588,15.960443709310796,93.08039435192633,185.67985811120502,0.3957934288868409,248.67969773543135,0.16526352034166666,0.11108989165246913,162.13835401553663,59.47455091562658,42.496247376280536,0.3005879659598112
171,3300.301610355101,18.61791995612474,24.288850973184466,94.50035735399014,194.59463561921683,0.3629387596716747,632.2784737995497,0.14320872343754687,0.24654140719902246,74.09279459415015,65.991024010313,77.74042888678093,0.22458732242475887
172,1984.6101462670067,3.1638766486346235,4.297683912322418,33.22223977875454,154.26893117974666,0.49234587074102665,128.2267048221031,0.04825035725399337,0.025912335463842338,133.4287642775894,62.24058334635332,49.28248738571242,0.2880210656919958
173,3011.7750136250147,5.737044903776764,11.690582546641624,88.52987126804061,186.53279699756547,0.3721212047783655,519.0390536150154,0.024972681724096658,0.055361517017822146,91.80990050835165,44.872548814161476,35.79666050705735,0.29503925298347444
174,2636.7228468260214,6.0923135894734495,9.144518902534923,31.202968035831244,228.80512309607002,0.5796290647932218,1511.9636198812486,0.044875326884013494,0.11322314782126208,23.503856097864197,10.377160026488083,102.44251260331934,0.24932154034342052
175,3172.4302828387645,10.389156983551954,15.384968377829608,58.2172254512566,167.66562680408305,0.4293019954696588,1363.9051285171674,0.09205381689754434,0.032418942323016973,320.273400487704,73.11593385406991,149.82848058661713,0.21280147299064775
176,2940.749859555062,7.10183159191049,9.28885705814867,44.15787324273446,229.71529473027562,0.3787672566906791,1145.2253778078978,0.09961381064251826,0.055327985751216176,360.2312386123433,83.10595931525751,128.40925729615128,0.23171123337103755
177,2301.3361115850507,7.497220777113668,14.359744346396383,16.546442014444285,175.49415687209407,0.5972759963840009,1840.1091571722623,0.08321149468483426,0.04786391787561279,77.83981542313224,66.87959174042572,144.14873029729358,0.24062570883288736
178,3235.0049439368195,9.70212982306765,15.075434707741005,94.46833006414879,230.00879276384705,0.4783632835443362,1741.2339984189173,0.10585975485384108,0.15189297422527845,10.63212012212263,75.5781891897122,111.9342912186116,0.30128187059868394
179,3207.3873009032277,9.038180695971793,11.94223243623253,91.53224382936821,226.36408237316408,0.6144609998398902,1627.7141475460824,0.07460942518823799,0.05252701821927941,304.1549789863671,64.85660956820112,35.02482418585027,0.2009128961708768
180,3084.189926654869,8.117226865543065,9.221989418250509,58.503250888447745,190.39158419301327,0.41210384013627,43.95893309514429,0.09620439348863852,0.03263625040024782,76.23198969771796,11.62309211102249,40.167630519136296,0.22092774172383225
181,1884.9031822191184,6.117559617765771,10.705723655162538,14.173465676041188,226.49579758674355,0.49854220926624415,1437.3306970365406,0.09481125799169503,0.0380819197770074,227.01679990771515,44.47822228207449,66.47449335902549,0.2256786103371872
182,2907.832531469404,4.840192953401488,7.242787869949141,75.66589116548826,231.64720875531344,0.3907783235090659,870.0491916677624,0.07992782506404557,0.044274542023825046,360.1525859049089,38.81157696011827,104.35118760041338,0.271962033024165
183,2988.2986110662264,5.134069499966887,7.314715168759287,94.325730145669,219.67657699984534,0.4831183352840044,614.6117451682054,0.025211732691324325,0.06313373497544733,236.92327018121853,90.38332764054066,85.47708657543788,0.2267929509462875
184,2903.7748584475894,9.88180942866156,12.3205984069288,29.016555011874267,218.54743208210436,0.44656088186976906,1246.9425043252347,0.0864305645878767,0.128482988881482,175.5633762775047,71.1167705212358,92.74985856896497,0.2480138198726965
185,2147.4035121896372,5.978334489727543,11.578820042736684,19.381681068118,185.33416081811527,0.3587765416371988,1223.660177674518,0.056202300338529736,0.05745117750175468,29.69440909453757,90.508471977535,32.28791615860577,0.2757137619978008
186,2687.987392526954,6.440121722935777,9.605314705629246,34.09646938504909,213.67619239753304,0.4495545631561984,1966.2356880563455,0.050217422360695145,0.05310686759684481,151.3161652614493,96.44284965124955,70.90020550835459,0.22244047468359332
187,3197.9413399264245,15.830243705279955,19.894323486485543,42.353888892051174,156.35411022457208,0.3592736212575065,952.7154566709787,0.05535621705036548,0.16598729094379838,139.88503597650282,80.79214119714818,21.29443393028877,0.22406135159100143
188,3099.681877485845,7.9640742305665615,12.797984772652695,68.173068433367,199.31349681001973,0.6825306999855288,1766.2927392685071,0.12856989544349937,0.020641991704281677,108.7669278999944,24.655439512953414,63.45679623222306,0.29959167651401375
189,3143.833001887031,8.190601824544052,9.993009404453845,76.79361594331094,230.93327873857234,0.5009974121501866,292.4318599363038,0.1183887392425233,0.08587841172393135,50.50894140642034,93.53996253240126,134.1587494695887,0.21363628996128486
190,3061.4826017174214,11.914731899061414,12.873420827695245,33.11988077240092,194.26066007729074,0.37316541969436295,1264.286510034822,0.12235603860591679,0.07709977921438131,90.61376411046705,45.25636164981559,59.985835715441205,0.23329452231513986
191,1208.782730688907,1.3722405169125622,3.1076410208323773,48.344461408977395,220.5878597525819,0.6580386677083776,225.6431931082318,0.02061035435518238,0.01018672608115592,19.55140029973311,85.36509888974118,102.47218557068322,0.20513436759626785
192,2847.355089390242,13.386078825991126,15.842832348334598,18.15159186277303,153.65179006521086,0.48841592970494163,1847.6099056743487,0.1293282019423903,0.12853186069688313,175.08089206869082,42.55591597101847,112.9450784607055,0.27776762354154794
193,3149.046256373335,8.135921904897927,8.777963687541098,69.43885010027242,194.32938530808116,0.4360830119099708,731.2977534549179,0.09902728683983433,0.11254578476979432,17.777183235657365,67.08465507559234,139.06030083110295,0.29997040664762853
194,3099.048844849478,7.707889867336465,14.783851314428315,82.20859786974756,177.00579553539288,0.5911455830889981,1413.9179829537666,0.014996566613907301,0.08647968654111748,240.02947060000784,61.12476476831794,49.992956410397994,0.2659791554208891
195,3120.7919437431456,8.959721766035813,10.642915656017747,60.461249648239324,173.36367381846483,0.4142837802221455,435.4911266055147,0.09571912609561953,0.052120782574676915,106.95379407710284,18.336162774434026,67.29416494530095,0.22453732747122518
196,2974.281419375564,6.3013934444718736,8.779091472396166,58.003119873149664,205.94202542637754,0.5933324047473749,1626.576066529649,0.06381536204401903,0.05356371342482993,207.5358829585095,76.16532474319143,145.437474034645,0.23323125963638877
197,3173.8576282093363,16.738033515624796,21.22589835836209,35.88178571658822,175.82532221798772,0.3459869335645557,1963.9158184087537,0.07674612363141942,0.24723136455735584,223.47977732994616,89.14155603000094,22.138545297296055,0.29786839282419064
198,2070.354141660658,4.399354522175211,5.048568066524195,23.343963141420453,227.90821391208215,0.5897283513849152,283.0944354746738,0.07795996428835783,0.05135438022542953,141.06765415056984,32.86191540613447,75.82271199188733,0.2125897783479635
199,2394.157625413606,8.788342361773637,9.82105578765578,16.188697893921542,149.71685110491944,0.4244188128425497,1323.4351629319444,0.13586682799676933,0.06512765167893057,248.42187018517077,49.59565093245334,84.80817655005808,0.292005146834309
200,3103.497665169535,7.80187252194651,12.645957486115698,74.77757361882439,207.1560795109055,0.5632304244507376,1831.481507706463,0.07443935039375608,0.07887810258258325,189.34595013646808,80.1172132481119,63.33691418458303,0.2988672212611695
201,2949.5646170729115,7.713855658413875,12.620735781237078,41.68696212402235,204.26654125541188,0.564891968226235,1081.986603831442,0.1317753865531203,0.07085507438754854,337.2536039719005,66.82452089414028,149.60292623873255,0.31510691074201946
202,2031.5998357446915,7.3119288959553295,14.438253958281305,14.019338689062735,227.41927119469602,0.47162768518658416,1828.8704794191121,0.07737147923351484,0.0669483446927009,211.47483839417305,30.298897941314447,39.13477902656689,0.24198371478657899
203,2627.9428937929274,5.1315164130485655,9.126360997650442,41.06823811892306,235.4436152191714,0.49053429880375876,950.4630434373455,0.07145282682752459,0.05538871898462143,180.2160825698533,91.83355631481496,116.8960587492773,0.26905698386380844
204,3108.593771551009,7.758262529372022,10.253444857125062,71.29516545246075,149.67047176429801,0.6933174710916549,309.5516543252521,0.0372375524945196,0.05191262999608122,157.5116654210595,31.158112364347897,94.91520286041555,0.21468364807892246
205,3177.707432190887,14.630750526515259,16.521051768448572,40.74502316497044,200.75613135073513,0.3472818562305334,1414.7305572274752,0.015446663225334764,0.26253947238127867,246.37342456550144,90.35948808318581,131.950111408093,0.2173040500304121
206,2997.9803718618737,5.850985796307673,8.578901339841476,74.1110969656816,227.32602413388202,0.6538910433829971,292.32020883526144,0.027754674331487907,0.07710046275800393,199.93552107992852,88.34627308091974,109.2011909889161,0.21925393333156837
207,3196.0288407580997,11.629496581039305,14.080016519292691,81.52610632228928,145.4232232689309,0.5697363690437517,125.98374754694603,0.04315703207830919,0.13938567777352168,235.21560935275681,70.25177867848261,77.81172581519996,0.2858889380622129
208,2598.799071083424,7.512378611138921,9.17468802042888,24.468226437040364,207.12280750429022,0.5679716772021604,118.45229718094065,0.08432300658247292,0.10764111541738912,54.58472269981853,88.4429183202998,71.27369721794182,0.23595674648954956
209,2790.399094786717,6.809151325658567,14.270133203274632,40.01714285434744,225.88845338497984,0.48648244430634036,1844.7493330396358,0.06321866274210493,0.02780115563040147,15.848844952711982,93.91960125163915,106.55278625874278,0.21239983476817545
210,2905.1916684802413,6.840469991744123,8.33839960221077,42.03921164960734,156.86648327688204,0.4424815262819151,339.51552337385147,0.035458345277161324,0.06645246291237875,1.860399157696182,63.90276751160874,139.09389313378466,0.22238157036659625
211,1551.4971927683946,4.968047760815168,10.841839022050852,12.88984868316021,220.18629161060363,0.6273779146008094,531.0447460064092,0.06796744574722093,0.03774054577522945,230.87315832794212,40.8316058251916,101.33630904612133,0.22079177987335122
212,1706.9235910179866,2.408788227706541,4.867764661314932,40.26346335575691,215.29814090030277,0.6474223255779598,330.14674579917124,0.011055163883601199,0.06443645522311552,203.5371455977429,53.66159365308955,86.44518391846755,0.28791638455681906
213,3176.4185459472196,8.601680440030702,16.313916078788953,91.47746328981918,169.08432547063978,0.6856788051644727,980.0628935940164,0.021121448349877652,0.05713480432674628,352.2393790562695,53.48477096957483,51.03082080030818,0.21017132188209023
214,2763.3315836606216,5.622336852399652,8.446514700783162,49.020851294357,236.85199391721568,0.6923986457471317,1027.444060458824,0.07486673848687683,0.09484772560188162,230.07619398475018,43.302946105312415,27.54678007990842,0.3191809189567153
215,2676.036914922789,6.696664989078277,9.823005458252355,33.58608838618555,208.7450154270823,0.3526223291312434,1922.5885181761257,0.10064235362714617,0.08355589482561446,263.7083477337828,30.71085782481851,72.11385222862518,0.3194946819293456
216,3180.7533092189833,8.310221950416146,9.981164509852125,92.47248097318534,190.93718160434582,0.5021103602997206,1561.0531924105555,0.12205228118635116,0.06364938629563119,259.3497242964646,84.87821925996657,25.81180030028174,0.31286181318134954
217,2301.433534589706,6.560674837160459,11.302831195079614,18.541864821955848,160.7400375559339,0.5270701806676056,495.5982668572557,0.05016650514927164,0.054486792836263266,99.9071990947739,49.82127060204551,111.72165423854936,0.22448081232788208
218,2831.136823720052,5.306279541815785,9.861915318382819,59.33771604363197,183.2777660303161,0.6865346464601285,586.8076592658474,0.03848866623816596,0.034564528775999075,157.19822572630596,34.516550194791755,20.43351781715923,0.2565531011261766
219,3143.2028723629833,8.86525565252483,10.947524827428072,88.70133241560303,192.50766742452893,0.44339045018318546,380.5490226392981,0.029695404351457965,0.14635908147482163,273.1352361716738,44.95363436688417,140.069776151076,0.2512873187536877
220,3140.887173870651,7.162189659981056,7.749983912030475,88.65727659192707,236.50755175197145,0.3455400400026939,1501.6112106920014,0.0984709680719144,0.056795143196153274,78.79812525701344,22.42621768000702,44.87376191843025,0.2568094594383437
221,3010.00934096291,8.975045118007532,10.797800311153086,43.54886296497924,149.52638104295326,0.3759342081955898,732.6591852026303,0.12144324284883572,0.06651780476248657,120.56156989178494,55.919663063940796,69.0961405223108,0.3257178972810243
222,3121.342636000758,8.295337560076037,10.060099947621833,64.94211521273743,199.2032132847491,0.5454877845885966,1287.3228182570665,0.10736625183650877,0.027540680689586317,145.27891900722247,56.43746485337877,23.191669459312624,0.23811537254685883
223,2522.4807007745508,8.03934542914275,15.404793340524433,21.730660501244174,144.39484835822532,0.6917373545003705,1458.4586557148773,0.07463551461174667,0.06619685067299357,205.85870553615104,74.44856103731914,101.02523112007742,0.3076699318597693
224,621.2195933295524,1.5567908906145753,5.4684250382547015,12.819328209120094,227.7352657799,0.6720666374162803,513.470254378101,0.07661292775270505,0.034947330666914495,85.0221353021059,56.30441020508551,125.93405005688206,0.3151638851036316
225,2074.48522041452,5.014963884127054,8.388750509582234,20.693235728619165,169.64407049495549,0.6478298608876212,1279.5742790290667,0.03262961834896799,0.0684912393321743,121.73607661141413,86.21143128092949,101.98783772867343,0.25352941906131954
226,2555.5678567320474,5.853575050299716,8.49494280990553,30.482230585782247,233.46123653891485,0.35907018033261173,1810.9746456513567,0.046272313110242394,0.13710733246777063,351.7491027928856,35.11972432357011,25.233741328687493,0.2847062798999226
227,2312.424228432226,10.397755981674688,11.522189483193587,11.863514326608207,177.07718357287231,0.3466809922447724,228.35902858424927,0.1255166529586974,0.08983874333874485,132.9899309092537,35.350571334728286,67.55329040708844,0.2299120253561986
228,3204.3954900519566,9.220725535485926,15.772866256452133,87.2405349584066,180.90967081244463,0.39064511731441875,1173.2926894003601,0.10079955049877866,0.05124204683927908,179.75558982931662,76.30892816726698,116.85374067525692,0.2702019171113204
229,2270.6945493344206,2.8751070804228545,5.383581845107402,63.42795336157004,169.41806729423422,0.6019297046760521,269.24029664670195,0.013693973222340406,0.030312913597996326,332.2943736369191,62.421954754551045,40.759940621739716,0.2422680140396974
230,3269.8686463148965,16.66118476380397,21.68702873098134,70.42956680831229,169.5754382571612,0.4758259757944511,1185.7567910282512,0.12892235277270253,0.12271637987011486,303.43394619205344,24.07331022330674,57.65157999022526,0.21075149408622554
231,3098.624095626076,11.17194739328769,14.470984282142524,46.572120333666255,163.37572185024518,0.4461418933576562,595.0615027513982,0.11239053698100203,0.08694671368155661,290.29811145165104,43.62075064378095,84.11531833795722,0.2786964571241607
232,3310.261797619593,16.361146510355326,17.273919621572883,88.30151003915032,145.05888809612836,0.48434652672755335,939.5329612564454,0.14393169369005424,0.05469895672502171,78.30543263109169,43.23025164793414,79.14557939605035,0.22546859331452482
233,3149.856719491073,15.605511012905255,22.41813509040678,38.38209231562148,221.588015014311,0.31703226985015537,1420.5643816235292,0.09504572660253562,0.2527055784560563,343.7954678722284,26.189191272942786,37.578366815202884,0.21323895103193746
234,2459.1987101979885,2.6557634180724703,3.6115787870673217,94.57957524463046,218.39519225232812,0.4516486134344832,234.78609363717055,0.034709400375063246,0.05829712906104351,24.59534792196783,91.3868686438601,81.29379731173681,0.327396586361974
235,2751.0263888559693,7.431338462337899,8.880208681837685,32.92449359535326,229.57047897203938,0.6462979576512803,731.4780687226319,0.12542123455265997,0.06691175183280947,297.4564610883491,45.47778753740236,61.820883304776146,0.2530125605511927
236,1864.795365043538,2.3385090375067397,4.253570015051766,50.47991505291116,236.61522785143643,0.6928943192965669,64.51034111928536,0.03170011796204412,0.04940631927711567,267.04620737853566,67.01338253307168,95.57984565628239,0.2783067225500922
237,3051.140712256216,10.848536412606983,13.781394120809722,34.059108404100286,149.327607219133,0.3756926186827381,1974.4092818100557,0.08123768366293029,0.11906453357126892,37.064000478384386,82.8270284082503,135.380234960297,0.2876327030269755
238,2675.7093571160685,7.481434372555527,8.816565727411282,29.082279918416937,155.03864607463362,0.3992771802139078,300.56532983954116,0.06072329846084792,0.09380789302834038,166.0020859836654,57.559989727682975,49.26713897199165,0.30487681050854165
239,3277.555117774335,16.575893882077192,19.350454901243523,65.22893390529842,169.0788593210447,0.43827741527163233,1184.9202574100982,0.2558976793508947,0.026858323341965983,302.43040378316135,61.115146304078245,30.933958004754356,0.2847635800746983
240,2820.0426252908123,7.4066962999522135,12.655760025388618,35.712833525203536,165.74897723756627,0.6327762341034587,388.30834814153656,0.10540813063540115,0.008404576591827223,156.25901466759296,83.67363661283458,24.906285333839143,0.27845216178285165
241,2557.8685290144676,7.503471743809056,8.157426128741474,21.631984569786738,210.4265842283799,0.365378769503769,106.85793241341216,0.1285213420450953,0.051700313675547324,13.139135057701708,11.721542066841867,113.13613489876118,0.21711433092375249
242,2482.8540985588106,8.264045139446615,12.54383435296021,19.14257457768592,161.801514114562,0.4437363618845901,766.210777981713,0.07299433768099178,0.022766894526058394,319.52409954121623,92.48509338135847,42.12782531515691,0.20849024870926938
243,2978.260896395752,4.781955423478678,6.933432000338788,93.9662158010726,236.26418574166132,0.6574140955425227,385.3872704955673,0.0860200835747653,0.0515046282982769,159.53339092526184,59.97971699173553,137.0608792233169,0.28547556300206944
244,3202.9881232285684,8.739618329531961,11.43360365236324,92.78353148144855,153.83108640390796,0.37108544943147526,619.4937057038626,0.05177645287605604,0.07682774880292977,355.4193992613896,74.27921204646928,28.608839631958777,0.26869824916705026
245,2981.6501137987266,5.575549722869351,9.663096260917257,80.39686935508256,234.75830582187538,0.3754257618213648,1428.3905013216036,0.06763116757115722,0.07025610589801566,49.437835284448795,45.25785490044283,37.81909415154625,0.326800562622363
246,2113.386006256141,2.7950152107076933,8.068690440061623,77.9647156955738,224.86363580594613,0.6369487642144338,1187.779155824897,0.02894069958474459,0.041124990329934205,253.81220208444506,35.0606084264716,112.51521304690795,0.32653382719081525
247,1802.6863563986915,3.2107238235630295,9.154589379719642,32.46868158779341,227.47417061076004,0.3051007730491698,722.6199625428519,0.036349132462476466,0.04571218788848214,354.5849100850919,62.642663185845905,83.74912406084168,0.28672677559132576
248,3165.324200352519,8.503698739812545,9.710718299127874,81.05313235618628,151.1818306045743,0.3010037563795439,776.5049938029881,0.06064689655747793,0.08049010710771991,179.81616582837208,88.60778410469612,88.55834845305786,0.2655680086612017
249,3169.7321613520985,10.267232400281369,11.8250760343736,77.35434906166377,207.1392824070881,0.34159251315193234,42.72531719557472,0.11903259191302612,0.12500708067669528,149.40324192407184,38.878048969979,85.41640553800603,0.27595296078592135
250,3207.027685069939,8.679113544534083,10.891737647451798,93.99802014254337,154.32468135235618,0.5686597303784545,97.45705681403287,0.0896481888686288,0.10374684765245183,94.75825028408993,42.26692879505656,132.66873643658727,0.2885409288029913
251,2584.6206720992927,7.708849435615892,14.930351333233228,25.98877131712287,195.88308853703165,0.6314681110673923,1954.3084920198114,0.07292138548671025,0.08354373214242629,215.32727203986258,96.18970709120347,69.167450893692,0.3029322084986587
252,3162.174756391925,11.686991774303369,15.525440830955793,60.08984487129476,163.9326653789156,0.5186523893848943,227.45446266540506,0.07864904273426061,0.15153706754969948,75.55998446918919,65.15777463301743,32.13787879709677,0.2801229745955486
253,1810.659241952423,3.6237589461446995,8.313859390885645,27.654359550706555,180.08767103967122,0.6750709919469573,680.5529045538251,0.012208790913748142,0.048460874413173566,282.50412470900994,77.95218727793477,67.72094960618163,0.26207251974401935
254,3180.017091751226,9.733366107238371,12.625362230850227,83.14901312737281,229.26137630162282,0.4340032329306802,1125.2165459362109,0.08609233661999945,0.14755480711123506,214.15586025509765,32.34479284480999,42.55175768004658,0.2532645323886
255,3115.6859205985497,7.156942142276419,9.812882613943835,90.82929052951435,226.0031124810023,0.5076014775934155,1183.7987773052805,0.07627275166110367,0.12030618466718974,314.12747501629445,28.773153908476527,80.12362298372781,0.30630666288846026
257,3117.068289023682,7.095046059156415,10.308178624980656,84.60052808017873,195.2669601515754,0.6866032057640283,1850.235315243992,0.055772977096858696,0.023204634018484924,95.91106180654153,20.343923686544954,49.16421012814878,0.20663610250299158
258,2960.1606924698563,12.192788233146794,14.93721537973858,27.040115486864124,185.72162394495308,0.3601685754723726,34.558322445797614,0.23848513244942926,0.09228412994657381,342.7215035744608,85.82471011022382,86.88738198808277,0.3073336735821908
259,3033.1102035663066,7.352213283375244,17.41942996923084,77.41943575547323,144.8240257535647,0.6081496954045704,1764.7474511355201,0.02043504760080561,0.07625567254933356,290.8229359368663,76.52976970852056,35.88685225054992,0.3254116112445943
260,2934.045253156733,8.672907950108016,10.367199097024757,34.807465755496516,158.9234614493878,0.3171907662390686,1270.1999673084038,0.041346519323713325,0.060404289864214276,65.48656972444697,38.295103474559745,51.159321758659935,0.20803837521077745
261,720.5251637335083,1.74977628995434,5.161321717671266,15.479589672486393,206.35844597022708,0.6550486423593044,1065.0823288110255,0.028140375894570028,0.08099601683235258,277.55824421243835,19.14135174968741,65.6012332206195,0.32600374245931674
262,3201.1232025563877,8.695087562969467,12.302506009935096,97.5916725423294,185.75609124866048,0.6974058559262664,386.04222645245443,0.09482919701631393,0.022431328729313593,321.05693367279497,34.35307585551375,59.36315752634653,0.2280329111249188
263,3131.5928862029145,8.097924296522168,9.14725716007876,74.28966540532778,184.76092417574316,0.4390302244391705,756.2298468506202,0.1044473613142794,0.02062094236298296,188.9911143836658,49.536466250808246,76.43244844023988,0.2094272012712648
264,438.55446047692357,1.037203520386212,2.206118860986075,13.324590450427856,206.37945787838922,0.3871197076914675,76.61499725161872,0.10023007788606182,0.03514103013235073,193.4248716771063,98.8557539235384,103.08859589892587,0.3078332337034557
265,2685.2076205528224,6.427631159322266,7.894950309104682,29.773710795544602,160.25336125045484,0.516875699438778,905.7573482802416,0.06060992851336662,0.05787139990633958,59.09459790542748,67.3180023746614,149.79423322454878,0.24404152856897224
266,3152.985291677463,8.211432964722487,11.338152458742186,77.17746042465947,240.50807105840818,0.5003736727699081,1937.9526879333125,0.023280110314165492,0.11536071488009289,86.43966759558073,94.81153075967151,34.83132615717589,0.23060127028984628
267,3014.1163329950527,5.554986795419844,7.591812250542349,87.38145853286207,225.96991641701055,0.44783113783899847,1677.8097335758061,0.10334154748818326,0.029125921862089045,30.180953712341246,32.21453036005877,56.85401638541931,0.28888655950811754
268,2837.4315484235954,7.63396858693215,8.993550913384567,32.78626835507573,181.75883078361915,0.34498245175140013,1092.8805615663641,0.07130760666438875,0.14413736493700458,86.0100882349679,15.350451778735389,75.55947828455788,0.3247054171146022
269,3203.1939152276977,9.196570037714924,10.723039841553557,78.33240718594436,167.66748079923423,0.4076006974818531,465.0857960982133,0.0459605909667568,0.08896322621361386,123.80846004246926,37.37751330758695,105.41591489738477,0.21938589036316059
270,2829.3588849574526,4.965175060381254,10.101196503649952,70.41038649681799,164.75138930451672,0.6128875419066682,285.4002334707691,0.038777920871462826,0.05499620465382398,260.26994268917946,94.40260480955713,133.8335421338218,0.3216380840173043
271,2526.4182676677838,5.005996524610727,12.505570577877165,48.988333059119604,179.697388216989,0.5714077221385135,1460.7516544329874,0.02069802269285621,0.030988186751142906,190.12152024829,38.35985934640592,48.162691791003695,0.26368154529802823
272,3171.4055833101993,9.863006410803155,12.26286873705679,64.58685766199136,222.01549333688348,0.5035269258411332,799.154952640473,0.11189357570903596,0.11671416320436251,23.08813825458054,38.98267611369609,128.65244521529303,0.21175800623712818
273,2825.5442221107824,4.619244773258875,6.79078115182387,71.65287218006742,198.40282895733367,0.43447160191362855,1217.9213443055994,0.08047661457816191,0.027181303374976835,350.99497865463775,91.60438017107202,71.36045086389265,0.3025259960782418
274,2973.080717263552,10.441929878650868,11.52265089073274,30.963438799261517,234.77334698927328,0.4345295651827501,376.632939145638,0.10712058507219162,0.11516808074920867,132.40199962116878,47.68027443939899,94.15306690686289,0.20142646642672427
275,2613.921133673774,8.745075282343738,13.922125051312726,21.608997970312508,154.37801790781168,0.6446997114380225,1580.017587858942,0.056868264197632426,0.028194357380601148,217.79080928626175,99.90487000586083,41.56320435863333,0.20458108893358015
276,2356.0088064616543,3.0162418513042564,6.911731083180524,76.30121666630222,179.5612415375926,0.695685760300409,550.7584321352467,0.01673452058995275,0.04223205388926572,215.64451301916148,84.23916418777023,117.13085003835336,0.29740344945842834
277,3187.4907889038886,13.629713591967107,15.35057362807603,46.126925178642075,226.56442109905032,0.38814454261619985,914.4387408941997,0.1780403387414265,0.0761989564568443,124.81849724499097,36.485516454483715,36.25198086441475,0.23305596154594432
278,3057.8062914177176,10.505940635950557,12.025490232202285,39.29193428895964,226.9085401582505,0.4869769734070445,1761.4359427831312,0.11458314128165566,0.11276040111825979,341.0359062824802,97.28367034999191,75.57919722839108,0.24771566393902744
279,3307.1073816578955,15.78695958840508,18.420177440636124,92.55721618197998,162.41766915257804,0.4626833573250897,1947.8670418318245,0.18889408670110444,0.030478396113267425,189.1335839137942,34.74270285797074,87.64159964604144,0.24016070217970908
280,3088.9799146830755,6.449377600542914,11.933958444318279,93.82349010064198,158.84842474219923,0.457486738455803,38.77256730233209,0.07550738024949319,0.027464988178939734,13.563287969734963,29.906861506886482,74.65822082268478,0.29931026745796563
281,2952.1047083732783,9.551789968167753,11.186152033039203,32.961974435947994,193.76887571725473,0.4231966899656257,1722.7624132983208,0.07444914157493361,0.10665299470322137,218.78730672224467,73.14616750822265,109.15448480728733,0.23576793661556192
282,3282.1341714853443,14.461169818280695,16.79947955320831,82.51406013643239,181.79646111836138,0.3219496760840589,1625.126722474962,0.1401130064089399,0.1521404423595455,140.19983887840493,29.22597432814637,44.69382396427521,0.31301847678768213
283,3268.0243867766976,22.83474380956431,28.075801553352914,43.64844184253099,157.04327215817185,0.41712323936994605,892.5229292770948,0.07751749186942868,0.23212468841287506,156.87847113793657,84.33803947179507,32.60870563832796,0.22586632649634705
284,2830.2478177933567,5.76559270022236,17.22170369600112,90.62730797564936,183.48762562692028,0.6775867914729918,1905.7787969614164,0.03641035411697096,0.023288185223729777,98.95901967078315,16.98704456054177,59.85753847590403,0.31155709373356727
285,2447.619840024118,5.862517075000625,8.541372499969599,27.880751566525763,223.4769340025448,0.4380007253850181,551.22095313817,0.039078858997039057,0.0688612712895029,204.72671529557968,51.80777729693483,35.030173279335486,0.21405780503275154
286,3139.5723395012556,8.03645449615756,9.719768008527627,78.33986534535508,166.913228017639,0.38910823035074577,373.8648327471661,0.07896615995330886,0.038165127339851224,61.95627318415656,27.406758627750172,49.54111522554467,0.20572337779811573
287,2403.3508089140128,8.579522254654686,11.024283181692896,17.403442260170163,153.17552762622327,0.4494553323735701,367.96307688946536,0.104639942909144,0.1181873103408931,237.34008484663687,71.13046487693401,119.74263741853481,0.26864089086542375
288,2467.4581603127804,2.677525613362831,6.32280645431502,99.40986656698013,224.74878001585293,0.3257803675260887,457.6510477291981,0.014154365299368112,0.06218303434590524,62.86408157585215,18.650636862705955,94.14421572698647,0.3013703424892072
289,3174.020076739991,9.114299012633479,17.093739795463993,85.13136651318655,187.2673581610352,0.4738887010850746,1718.2283687760905,0.08736258072401648,0.0687011362754265,184.34727451100335,97.45840165081881,49.06290246036117,0.31610311152810544
290,2861.0501194566323,3.9816980346338107,5.364042900698487,99.81720234930702,228.99786954477528,0.4881692135065562,1159.7686411659663,0.07395417282759055,0.056535313146047955,319.9889078556848,19.39146482601593,112.5577841823509,0.3195051710707302
291,1166.4329904023364,2.1956926374633436,9.977638298418396,30.408695419032295,179.69772410412767,0.6626317666585544,78.30880890939704,0.026751800619510203,0.003835147630508068,37.730719152989415,23.157026620569862,104.43068893135832,0.2938056897399513
292,3256.575469885732,11.992635645183544,16.1226618689413,94.70779713135096,185.68804051365956,0.5928977263857635,835.219915593912,0.08489236327644255,0.07138401937847913,307.3770427734748,32.67592263278212,80.6976452435473,0.20588256157276907
293,3233.7007727959876,9.531557069219037,10.783000926207114,88.95785457792805,222.1974743937435,0.5611599226229528,579.0002110237554,0.06843242616887772,0.10637008936766526,78.94983459282149,71.35308348020138,111.72924419660254,0.2093758723747684
294,2076.3233824221034,2.076051089786607,3.0603146192716304,71.84583475307797,236.15203687548217,0.6632744948732852,707.7371123325028,0.07539864643269625,0.017272254176943887,116.37842734898105,25.62370477386154,124.64008630155531,0.3143998313580939
295,3180.5632131746197,8.33507907932937,12.490112002654532,83.22408805241483,240.12575880742432,0.3624899536430017,1600.994048507412,0.07671018682928239,0.06560543733633516,34.68051831718169,36.92810629208903,104.67719462664375,0.2073687882209156
296,2826.9179801095615,5.925821583105905,13.115270639825138,58.12722779217653,190.94372981902742,0.6610958621107602,660.3262586063539,0.03832904671461371,0.026031472784878724,268.22268198492895,25.522086933274757,104.88612346112849,0.22062447230770738
297,2967.1371023871525,8.096960225710134,9.200956861095758,41.59563379616201,207.35306150806622,0.3060492698092883,875.9944142180362,0.10962677512026872,0.06912594741588333,333.02472751144774,15.807990707370744,138.9877753509419,0.22380149379076592
298,2511.0807218958485,5.642232121380849,8.034052096932433,31.21603119614331,233.7175922616511,0.6061590637591228,458.9206376865877,0.11228704625135262,0.05983166769874469,348.8830128640776,98.63175929860516,64.8643141184121,0.30348255020833026
299,1924.3497425022545,2.230779227621669,5.710815153698344,60.95886516330773,163.79736497322494,0.6625432351357012,248.89193505474856,0.031795489945511235,0.0271159694493591,113.21263759792309,43.646264626694844,108.03697436771743,0.3315208121872557
300,3087.128761483252,6.456808912525006,11.593200421228843,95.92820032689393,203.62589056967536,0.607908162573439,714.5681876565765,0.030655719744424305,0.05112726761698634,49.83103024822266,96.94672728261519,76.47560936613316,0.22934529080047306
301,3235.1008236627267,12.753711403154226,16.212745320802863,83.700114087031,167.2452216443479,0.5076645080665958,503.3338350837364,0.13046317300452467,0.12370877764112269,151.04454939893415,68.68904675107765,85.44589185245718,0.26298844236422547
302,2949.9066031779244,5.924507314932111,9.786827218637844,69.6779694300003,188.13178376570033,0.6102204132764313,1132.8875133891613,0.05690842605618614,0.053656502564797356,255.15826750722223,49.91959959408361,38.65348065556398,0.2910009695799346
303,1989.5731945485002,6.276076468845265,11.230370843835725,15.176226929203894,226.63731595072346,0.3288687592870556,1919.7308243576801,0.06979928254738546,0.15374563657572343,126.05627509085329,64.04791878440801,71.76309798911423,0.32828975045781045
304,2934.2440550388174,5.4449430180938165,7.772276473614122,75.02536915096204,234.0851512645777,0.31647462289080097,1561.344609791581,0.037376584508764917,0.07875591430552986,225.7054006960632,63.40790041040698,63.577494498962345,0.26181354106713833
305,2985.212528996942,6.2878510712365205,9.262894376978435,61.77809545602799,217.12282854930666,0.32180821401064685,1716.3699152894133,0.11768074400206444,0.04103473262290731,4.497651909765008,94.89065913631907,103.03682443997329,0.2917397574913699
306,2948.6299164186353,5.317419586604329,10.619726226143715,93.49749640376066,229.68856919814738,0.31415824403400255,844.7258384312233,0.04072057466042307,0.05367840124812449,233.71005462559154,93.99359405640557,65.672560598876,0.2764503888680908
307,2762.917723216608,5.709681605871811,9.319536157897225,47.97287043828815,199.41388377028125,0.5446599139446822,1323.7602906392085,0.027669715612063866,0.07683970267069594,279.6947414315659,40.467764912775294,77.02501622610436,0.2549072448060819
308,2940.0637997994745,6.568132000418666,6.996353188539879,50.02755860579179,212.4921314080693,0.5516762471151968,625.0018276207082,0.02166895391256535,0.09866300297544514,126.58108841158086,59.12420866383991,76.93873787799205,0.21664148718728363
309,2146.3203588363426,5.27205225474057,7.059272386414074,19.768107137651825,183.85212119035987,0.471059727235165,930.0541645611929,0.1061480623317753,0.017819962480200208,165.81181336776058,48.37440261541554,130.84817588879326,0.23056484202675454
310,1347.3655648016907,2.9191625135496393,10.637086107746306,22.61689681093699,201.699145500295,0.6448367756293125,747.7965653064366,0.024559362263357094,0.03625702775652479,88.06536109646306,77.5593742306555,124.6979128302316,0.29034650048578964
311,1324.1989759618982,1.4386221503548144,2.709822262524612,51.76548246575875,239.01796688749693,0.551382693927926,71.39209042780675,0.025797737688815745,0.07620246211863718,46.21600716078509,32.73232784438953,23.701248649365155,0.255125041549103
312,3205.683417269436,11.475217029438085,13.517279128879313,66.2957322462805,169.68718991549187,0.3816881796889482,1226.7371528876715,0.19824862568742796,0.050515108316945806,276.1570859165959,96.80279729346464,85.84620373000398,0.3026513252060753
313,1688.2305769138604,4.172008281027828,9.59909058963705,17.582280986714366,179.83610743083412,0.5821830107693251,251.77973666568445,0.060818157576829075,0.06831081485234365,363.1575370824966,96.22737771756837,107.20856057234084,0.3048247302852658
314,3319.123663380146,19.03060223310528,24.220442798296197,89.65746721516466,144.38376935206585,0.44173623384804084,372.51152352747715,0.07790971546171127,0.22095113810340566,355.9148702499902,78.51920956608835,59.93311479368574,0.2678630883643603
315,3279.313302719422,13.912360906450283,17.29507974589258,84.04111497299583,148.84960770143283,0.4171041177574866,1790.2108308272523,0.09869959542699554,0.08898248471710798,298.0315784311399,99.76316536656104,30.39115568288606,0.2658759407049631
316,3018.485446429143,6.100575272108238,12.035647926512596,85.29301294752521,229.5505007010865,0.5461058758432736,1213.6604298708498,0.08690024319074566,0.05085864396380569,4.739401893404061,81.48214994403924,46.3832692971082,0.3194434271872748
317,3211.1639507027003,9.051314480799695,10.365458526576813,89.74788313424334,156.81686079186457,0.6030149814587249,686.5248871885051,0.07569574036059244,0.0721208955035029,167.20855368492025,64.98775435699349,133.26353318031016,0.22881393542454304
318,2460.6398265809116,3.508356577461953,10.242077195371058,66.38973654356974,224.4108116725418,0.6931519124038658,1159.1896545802558,0.01359175814308247,0.053479649350042735,80.93898449630997,22.89272205004565,134.3699109873865,0.2756200341988444
319,1885.2574294560663,5.806757623092054,12.61648812362023,15.442599644060707,231.34268830178178,0.4814619055910093,1577.0805112386615,0.08605808772018682,0.010008511795803362,316.31686855817725,26.16814278931365,87.94561718015821,0.21436023500908777
320,3019.99839541484,7.2878612523316315,13.90272223481374,67.73620167849288,151.1463417019122,0.448691159517162,1286.022182188486,0.019292676731516367,0.08177009718450227,209.77516056737414,24.389673770235646,65.85038917907072,0.30453271251402686
321,2189.7518409559343,4.159097670884986,13.7216516632323,43.65060080365408,237.65618552522804,0.6416857493011914,1647.549195570166,0.054448890560532155,0.01861427992030106,337.82850133813395,90.75385473531193,112.37103931760058,0.27946875048636577
322,3235.7148995383122,11.38038278706976,16.306059115628646,79.380478561185,196.60240537950529,0.47248906339163377,1678.238559488177,0.16781886908201957,0.08119657025230063,85.28229696562552,91.26334923912358,73.80874396413182,0.32656892333812426
323,3165.8946492791774,10.633164251047727,14.597477141421924,98.83115523958419,152.9715670830894,0.3087323091267343,152.6226684065477,0.1300970062349868,0.08314255683326224,102.92682147786043,32.725383112220634,122.87852504224725,0.23779376028346227
324,2910.685994338198,8.495410383736276,9.470107926954663,35.14500257879885,181.1343742687058,0.6771186852665294,1094.0511793842636,0.060688053832079036,0.061060676178049826,345.6349947512644,76.20527073333739,51.388759870015896,0.20139201034684462
325,2970.762927674249,7.459829307453024,17.264070261054393,60.21110129550453,177.0603050202706,0.6296704375299089,1420.7622746713394,0.0598110316953713,0.023496222003095965,83.89708137635579,78.77109502458269,38.767835279599225,0.28350951131820595
326,2280.318045495563,6.6299707502690195,13.665546071049468,19.881984749493494,151.78992354284412,0.3758501961434151,1499.4354290702051,0.04593137113094473,0.07754163965059135,359.8701284408959,61.25524372056322,86.41818028355743,0.28291798777098215
327,3029.9818035365147,6.279921364004217,10.3430671313762,70.87013394242568,194.24030323766294,0.5714962627493978,701.124627094993,0.030252199385598838,0.0828526006056262,131.0858168302071,84.32809492256429,116.81934053046106,0.2579927247855378
328,3008.6857330887487,13.454906855637384,15.429967636062184,25.876225958881655,145.08121819217598,0.3245053811910081,1305.0674249518229,0.09335065819271075,0.10649019414834332,18.669359928115416,71.31156637512262,48.632827773881445,0.25529138023641806
329,3294.3776578075012,13.679262072311966,19.152296291759235,95.83070130480293,155.77184423656337,0.3242261743409496,1672.497830528202,0.1385559911306811,0.08389910765206042,277.2293733335595,89.22724034277867,139.30321454260005,0.28561521244216226
330,2179.029176326626,7.895003535722072,10.072002683654572,13.25718850730498,196.18643319206302,0.39891700029256505,937.7610257216958,0.12873183342481195,0.06915443036404129,201.1352233249287,85.19112958811496,139.03968766650297,0.2281119829980623
331,2629.010836034937,4.786768518379428,10.809809364744194,48.388074916971156,181.98842668930124,0.6573806212316545,1967.2601991010706,0.06670300134428583,0.04227243340456349,333.99799077219694,12.38555838366797,140.76306101525302,0.3257135159885405
332,2954.76543502349,8.825440257644653,10.541729519926356,38.2448211745483,234.0056516807271,0.3650282888214127,945.7762607526768,0.1935899903186776,0.04438300436855771,137.06894416806682,35.05120637458744,43.477033370018255,0.2850863184210203
333,2888.3865469386346,10.858326134814176,14.8276841761319,37.05149577328774,162.34975233251737,0.34387805193746945,90.60728740263517,0.08565439012168873,0.11459035688518937,231.28997362455897,57.35462564520233,58.1578933085278,0.24110186618046764
334,1304.8324595896015,3.9641517346098,5.3149142132584,11.70588181918559,170.77398494460172,0.3274168385358312,140.50856605556226,0.1016110662711774,0.11637947412186819,261.4258735616916,10.672645641637429,143.4486579694839,0.2871090354595033
335,3166.3525002897586,11.695207796189248,13.107729189024298,48.4981550556731,165.53955989967693,0.3802353155773242,656.0207667086017,0.11653590373531139,0.058427763251016965,47.03012349377823,29.83345390846687,23.666915156054213,0.25108744098655555
337,3199.772898576077,9.792159865252858,13.299944882132307,95.87222372478924,199.31704582831696,0.5697093210667927,668.6214379407678,0.08399005232098929,0.05908452010575616,278.14426273659564,11.527348707060089,28.963587697216024,0.2204447019640628
338,3261.9621470516117,13.576502588698007,16.52405778740354,88.36719109736153,149.51197845740077,0.33651502465903754,405.4178328871146,0.17329881948041803,0.11360762045596827,239.43906203161063,81.34652388060518,91.44451118145233,0.3281015577986565
339,3088.1314791350337,9.34828828242235,11.894884242905148,57.551667680383474,179.2845282958034,0.37090405999249587,612.8918686223587,0.11412163806039997,0.08934837929505055,221.14426805157143,59.21142841001501,24.515957963946434,0.3004593762297799
340,2802.333695700132,9.629168975506722,16.293800090538014,25.757314732843724,146.11754561897953,0.35439324591209104,1948.750968045748,0.046099847470775474,0.062182137397697054,361.50299568166594,65.7701226019738,50.642286376754576,0.2314055973848323
341,2908.8078913806394,7.296861374255203,13.006977512184186,46.55244548923751,222.59000353443093,0.4332098351350204,1275.7814170776962,0.057935729488723026,0.05364830512267925,292.0749955257535,40.651460321397664,46.886939734305905,0.23138164025952762
342,3097.7274854192488,9.636879697487805,13.027474988656873,48.84675359548291,157.10917359858973,0.6121493595890981,231.48992848178582,0.05106067326753476,0.08683178705411118,47.71599328048426,91.88548324466404,37.447425846252926,0.26931079103628774
343,1269.857521980243,2.660401356185974,9.22982030414098,20.520212120677417,193.24289997599487,0.4623503596199917,246.16134930905307,0.047476492822710874,0.04035025838576106,39.70730001232743,51.743217553436374,135.75387000873513,0.31894838278987653
344,3105.9888105836712,9.339441954722107,11.099449722165962,53.111037820687166,202.24089800398752,0.6051314205329835,1996.968845639988,0.07897345993401055,0.0529032558426753,186.022221083484,67.58423746043577,37.19923227237654,0.20803625999444703
345,1182.376368927514,3.1790022652823424,11.23666442258258,16.511424182508588,213.29442082394382,0.357198051751618,1082.231095750065,0.0689886602947943,0.03179983257282305,166.42698989049188,47.761738986146085,106.2989389061341,0.3313263905774927
346,3271.047252742642,12.420202226959042,18.16919379019476,88.15565049051516,157.43557052774878,0.5206283938360838,1584.6273360123791,0.02485314978319747,0.18910582068527843,363.0077029922345,15.355510307677104,102.06464727430593,0.2806825149726637
347,2237.5669837375226,3.707638645132871,4.642606096683641,31.779446867175317,237.40832508020532,0.39466854346727376,242.32896446571996,0.07817886222880414,0.06439841604780384,70.62998387958599,56.72071905765728,149.01828976251394,0.27536578876956
348,3117.7099508904744,10.115637382112554,13.38647817895805,68.8647121154876,228.63700745766727,0.31348630696277024,505.72399480994164,0.10313401872262482,0.13419831234917853,233.20849795486828,56.81613444580943,42.46697192402482,0.24028961349189323
350,3279.330763275511,14.837853294586802,18.35833866995125,85.16682059212933,189.85038966946928,0.36089580045709163,1176.6745548724732,0.16571324872920865,0.08099681799544181,301.7027317599601,26.521126714192057,85.22002667816075,0.20054947831549846
351,1865.3644796003975,4.979653804010508,7.165522629949764,18.173636932825517,225.3898226908961,0.47851328204579435,46.5721900138972,0.12779304441580666,0.04720417923649025,311.2877782935632,20.134435684078845,81.03126290018264,0.26435237823223695
352,2966.955747049314,11.479858507398179,13.504742578479307,28.44695204966679,199.2117581281554,0.5643125829845477,1693.9888001788977,0.15734761794586555,0.07849502707102897,310.2116043667088,24.877924576575033,87.92131093085443,0.22825264931020547
353,3108.1030445816436,11.867043755245533,14.177828229117992,40.22364815793179,170.8753186481261,0.5014901282631187,1283.3795306374368,0.10558361034623553,0.09715774852655874,329.09337385921935,76.02573849584822,94.97438920710071,0.22156248168264
354,3120.7792810389765,8.059515680573101,10.351326149828495,76.23448073308072,168.4034993849493,0.5641352561384247,377.01421899086336,0.09015837523359237,0.0667113255414334,44.816200417995645,36.5811702208522,57.90549771867009,0.2563784783346963
355,2563.8596953383903,5.960312321884273,14.758830135812211,32.64730299342688,182.1838567340717,0.5194549516206822,1476.1160464114162,0.0780176624658116,0.02692724206281366,127.21394377053423,22.550215327523386,131.1408906759206,0.2789311180191677
356,3255.5234325892443,11.697052953816613,14.588798117741359,86.46163100677481,170.08855390962805,0.538321250986054,875.4355547623614,0.06403378032442346,0.11687217750450302,149.53142120031455,34.69972260632953,79.13405585003656,0.263063039090458
357,1087.6758242610988,1.6975792046766014,3.1524446750445603,25.19197078059473,174.98887000529197,0.5347593231686857,135.2547143162943,0.025786147684129852,0.03146682938081704,21.49335378608261,73.16158426728991,86.77096142037118,0.2382779860192583
358,2998.9897857037604,10.612008754281211,12.62714532756589,31.545290481858068,149.17002695061814,0.4884466447391154,924.3502092997551,0.11306244476346838,0.10325551596524153,133.63220925510365,33.264520371118394,118.87200791943648,0.2702884784117273
359,3106.5219093312458,6.309755365408976,8.2833547905491,99.84635434649728,217.9325986605835,0.5981481853894564,1620.7089103397343,0.031122863954322323,0.08818902954671697,357.3269040049978,92.55804662800826,69.70238175453323,0.24110063573306084
360,3076.1606759974775,7.691782390383263,9.826220908497747,63.803919916854035,185.81003130116449,0.34842407583571045,479.38405137617474,0.054401505819271334,0.08828850174304242,160.63560116971078,44.45309623301188,89.02752559831335,0.2648676066069001
361,1907.878432957967,4.793171603609447,8.691954843593221,17.593805794455882,213.1661419266141,0.5926385447651017,764.1687580890074,0.046518728039512444,0.07772578221639412,116.71401012671656,28.088287724467765,91.96205089269921,0.24569850553453537
362,2916.604897419428,7.07769227399884,8.400335782776123,44.106233944547824,217.50551757783893,0.5030712398714285,1202.6323948215347,0.07413199482114556,0.08482441345102203,150.65425159650476,34.45110960026081,21.03497796605628,0.25565215717074635
363,2955.2687793017217,5.679786867207312,13.027669812853397,93.37478508808714,221.00355492541763,0.5172388688234538,1663.8141957091475,0.05901506598091301,0.04489454300909215,236.4334737059852,92.04930482933311,97.68126722013677,0.3010596975457355
364,3225.1255752781426,10.662571676359638,16.553579132293457,80.45126201527337,154.02495977409745,0.5202080810227825,866.5919028974236,0.07007430410392344,0.051790426750960836,342.63645618741623,66.57727757530571,82.3045189335246,0.2324328577358459
365,3021.3608885892177,5.374789583314574,6.615653924943819,94.20040786531249,168.96093659012237,0.4205103114883447,803.5614014956049,0.05145014475551408,0.030132226222089695,160.43445703353296,46.83585865120079,39.132055937227676,0.25572831799755
366,2110.3775438591633,6.218690864670752,9.627190855678156,16.079289902791018,175.284537187021,0.5327538873505147,1267.7678206577327,0.10964893759483514,0.07305559488759328,166.04495036855883,84.06491724967437,141.20090250494277,0.29517480955508396
367,2280.5362771222117,10.071634174212166,19.673069349407097,12.10431744300126,187.22901269118535,0.5794060757199342,1834.527717102983,0.06987929408591112,0.0869069459013428,45.55204944866878,66.51085781056611,102.70196644702354,0.2181797285134705
368,2875.5625055341247,7.122979519761638,11.735614960935454,39.68041266031358,180.81025228888143,0.47470553431141915,1069.89848890164,0.10561802036893696,0.06027374106352233,13.818393636103856,79.70074688573156,113.55397160988444,0.3079641857987597
369,2523.562492326488,5.751241961406916,12.211097660574401,35.0606661831724,144.07715928320883,0.6857450648580345,1387.7032854913873,0.018485792211932306,0.08381292493827368,299.7530985024392,85.04128262286463,61.83504216858281,0.322279160499806
370,3237.679185658143,9.50832438078054,10.28471309174326,95.97349032624277,188.57027324489974,0.3820184574450623,1685.5723923433932,0.1462672585413184,0.07080181174471994,361.30590071585954,54.40088292627003,124.73484459726993,0.28006810271611027
371,1955.9220558387588,2.8760959994804303,8.690594267238588,53.06636971038701,187.0454072923252,0.6416627102711641,1625.535744327988,0.03822564601604936,0.016427837204138217,258.1881016354143,47.098243871928055,92.77863490019155,0.2977945414663086
372,3164.577735013077,9.454705594566207,14.27523354280541,74.91414245000043,215.06418318025,0.4155974257472351,909.1479936088907,0.04293080215004102,0.1891625242886602,197.38582421613572,58.693981747148,92.90825379882774,0.31496883482999966
373,3294.3378983399343,17.34879960364407,19.275343239109805,69.35362292245766,164.8496584823821,0.5003817623515341,1427.4710806855385,0.09416447407066003,0.19053570486674767,309.15013783520914,87.89368380810129,120.49248417478897,0.2401156763398446
374,3248.115110582607,11.00289062162391,18.55416166389361,94.21355904706968,161.8559252217646,0.6918328492400307,1877.7717642865975,0.03737538300574392,0.04220890377085271,77.5272093618108,59.45548702769374,35.66844304523812,0.2018098383950949
375,3129.324033971085,11.191615901328314,13.228639680194291,46.84090648363839,203.19240587939768,0.4246067952921875,1642.845943618693,0.18802851567223863,0.08083866096913989,70.05388992700682,88.40548814493442,49.235789299541494,0.3244878519799894
376,528.0680253566098,0.833984330773802,2.3145402221685645,29.608288422449164,153.55296668231904,0.6327864125544744,67.85770350807928,0.030424166333188295,0.016119028693235768,314.96608275468895,14.087414601902335,76.97977491859108,0.298679822806012
377,2457.9440666654614,6.184262498503597,16.926569371661266,32.9839547749581,148.62737409344783,0.46942163215003985,1072.5424890563495,0.011410778984369423,0.07751610394509861,262.3976273328503,44.61246886418351,102.29654649760704,0.31050798463697926
378,3211.596239781856,13.906705272133344,17.867462522228454,63.01600619106359,214.61032847276255,0.31832299702796324,566.3999868088572,0.1448277501342563,0.15445747687097705,185.97604044864056,95.90871679655898,71.45734391904753,0.22994463530293818
379,3093.083234552762,7.500538933203653,9.169083428598073,68.98439985089638,224.5596356255328,0.5344982496498056,335.37495646588513,0.06419596975100321,0.05918670251517736,239.04821260817857,88.200980400942,90.66895321966109,0.20009656715740454
380,1888.173536191586,7.2429096138185045,15.016184873040473,12.074187103560014,195.75001841085341,0.636828564744058,1386.6852789493753,0.032667152993444366,0.059760122491845445,196.50297887112902,53.795825540505675,26.556907898276805,0.20976347143084823
381,2843.0870145914846,4.3900332639237805,4.734239668748716,72.73337182432448,206.61970346234656,0.630925315673579,289.32399301079954,0.022313147889348864,0.0729154813250113,94.14227393575864,55.41746325410257,45.19410593901193,0.2688828155356868
382,2842.2624154467176,7.086370798428378,12.193023005622491,39.61441066730862,214.1373847765666,0.4749612515290913,1683.115182817987,0.042428917691565274,0.061086850788098876,220.33841085588003,39.674243027101824,119.17385015975722,0.21036744544707592
383,3105.76004201956,8.387935083103008,12.562573376717813,61.54459759183234,162.33548076442025,0.4079338124058314,894.7346073960243,0.08791491497409583,0.07587854222286976,133.02064458380707,96.46469275130343,97.57229497442964,0.3205128225368148
384,1128.6692472501281,3.1690116427027273,7.219075693532881,11.905303942334271,209.77313736162216,0.390229881967174,1337.8258232037392,0.051223678493839596,0.0795176918513961,55.26961154553481,48.05915052006872,104.42942392624998,0.26063754484375995
385,2262.5745519227175,4.856847534555857,13.300180228285447,30.901876037317056,147.49572621953624,0.6473698358134105,387.3386427933209,0.06262524030339653,0.023266372093668337,171.93804294240275,87.27403309217915,134.62159983987294,0.3200349387870061
386,3226.5110703418036,14.708458757823058,16.596301912931825,49.981201418035404,183.52002114732227,0.525880108902405,564.0337211512131,0.16860601323020108,0.09900476861483601,321.1141029758535,66.52019769755931,139.98434123255333,0.2207748126458548
387,2224.011726133058,6.27135514671652,7.502638961552057,18.863906146930688,218.80192210814397,0.3227410232298486,548.1361730943447,0.17167329823492716,0.01418166874089444,20.331303146855674,71.09221205355908,74.86780122068193,0.2302415647056838
388,1649.5779398965774,6.200708976589476,14.451952664619009,10.717541858359983,171.9664735859171,0.40296962021678967,1960.3024578274085,0.0389220741579368,0.07157139583284476,361.9631268449399,40.04086855316692,134.53396313395086,0.2298484459026851
389,3215.0348875529953,12.372416747592277,15.615354798545086,79.8928388871341,206.0263028361118,0.39037166043274085,617.7270531197166,0.11558525731504295,0.14085061466858498,203.47856057276357,11.562770533950486,33.09536309093582,0.2567469572800981
390,3130.8714357595227,8.902120205961092,10.168492988700912,65.8464866710851,207.26279423123955,0.41345881568415055,1048.7444359766776,0.0948102242385858,0.09229158662007582,177.9030736657981,90.3378767861093,48.42449123048903,0.2755252325215406
391,3171.6245512895575,14.744650048652838,18.34842055565245,47.11319750992468,171.07636508228975,0.3566476207035183,533.077445669408,0.04779872042724938,0.20894338422040226,280.0718729988841,57.025486932353225,78.1454105985215,0.24309859811233425
392,2776.8876076668657,3.7852196919348975,5.616985535409419,84.0527174573917,234.49125744421252,0.6924259322050763,332.324189459355,0.03352354579609378,0.07751844848166985,122.19113351258189,44.85068170325635,86.73065997832217,0.3074189969503784
393,1260.1070076847252,3.676643655451792,10.147843942222082,13.584320385232962,170.83872007570525,0.5292036023180103,381.50773830234533,0.05433382206590114,0.039720981618134595,350.0545084597353,18.653307580872557,72.50686392408691,0.2876738958915032
394,2264.09418647987,5.354386445116315,6.267432369206808,23.914711987421647,174.98565351328065,0.5222698839679174,515.5929401752849,0.021893425915121476,0.07399304282109914,298.7694863372512,64.49811575802838,78.00198228951713,0.20149869759630945
395,924.4836140166258,2.0080599924795184,2.318676158014551,15.300366794166669,161.96607011972867,0.562282169572039,26.92763615332599,0.08874472627187717,0.01377486684945562,293.28551790640523,27.33117250130348,103.22947812696871,0.23600779490407847
396,3008.542183537762,8.737449458148175,16.106351795557412,47.96449736865637,227.22024157981082,0.529779164005264,1947.401343918688,0.10709182727978556,0.06459829708091658,244.5322319681141,79.77626518264432,62.01870215970286,0.2879250129767334
397,3210.335333947855,9.074007111044706,14.695011483683588,97.98956559075505,152.1739560605251,0.5057190270389397,963.1295799902247,0.08739455399535813,0.039226817055636326,13.23099174124235,99.14392640547328,35.380468220432896,0.3012396687290965
398,2318.912256939131,6.280747907991779,12.415951926074394,22.712730522579484,151.24104361165234,0.671064301115427,810.990783900364,0.02336017371827968,0.06053805641855593,243.89132652380678,48.422205238824304,111.99700186281784,0.2383423210140736
399,3110.4325439202794,8.992837494688732,14.236247821504733,62.32490280788633,162.2240689795404,0.5891037414327722,1645.7319513908951,0.0377452851968258,0.1223735797098894,306.4382054296194,97.29972281542152,70.3432147065642,0.3094341912361949
