,mean,sd,eti89_lb,eti89_ub,ess_bulk,ess_tail,r_hat,mcse_mean,mcse_sd
f_auto,0.69,0.02,0.66,0.7,7,10,1.53,0.009,0.0052
theta_roo,0.008,0.002,0.0049,0.01,7,11,1.53,0.00061,0.00053
theta_woo,0.00099859,1.38e-06,0.001,0.001,3032,1831,1.00,1.9e-08,2.6e-08
theta_min,0.007,0.0016,0.006,0.01,7,10,1.53,0.00079,0.00045
temperature_exponent,0.041,0.005,0.038,0.05,7,10,1.53,0.0024,0.0014
d_onset,117,0.6,120,120,7,10,1.53,0.28,0.17
cr_onset,10.128,0.121,10,10,3511,2184,1.00,0.0017,0.0023
d_fall,182,103,22,340,3632,2642,1.00,1.6,0.74
cr_fall,1e+02,5e+01,34,150,7,10,1.53,25,14
c_lf,0.333316,1.74e-05,0.33,0.33,2264,1445,1.00,2.6e-07,3.6e-07
lma,191.95,0.07,190,190,19,17,1.14,0.017,0.037
ceff,19.994,0.006,20,20,34,543,1.08,0.00092,0.0015
rh_annual,369.799,0.198,370,370,2394,1606,1.00,0.0031,0.0044
f_som,0.525,0.008,0.51,0.54,21,34,1.13,0.0016,0.0011
theta_lit,0.0007,0.0003,0.00055,0.0013,7,11,1.53,0.00016,9.3e-05
theta_som,4.54e-05,5e-07,4.5e-05,4.6e-05,104,118,1.04,6.1e-08,6.8e-08
allocation_weights[0],0.56,0.07,0.43,0.6,7,10,1.53,0.037,0.021
allocation_weights[1],0.00078,0.00023,0.00045,0.0012,53,151,1.06,3e-05,2.3e-05
allocation_weights[2],0.2,0.16,0.098,0.51,7,10,1.53,0.077,0.044
allocation_weights[3],0.21,0.09,0.061,0.3,7,10,1.53,0.04,0.022
f_lab,0.17,0.015,0.15,0.18,7,10,1.53,0.0072,0.0042
f_fol,0.000241,6.8e-05,0.00014,0.00036,1468,1830,1.01,1.7e-06,1.3e-06
f_roo,0.07,0.06,0.029,0.17,7,10,1.53,0.028,0.016
f_woo,0.06,0.02,0.021,0.09,7,10,1.53,0.012,0.0062
rh_ref,0.79,0.03,0.73,0.81,7,10,1.53,0.015,0.0087
decomposition_multiplier,1.29,0.05,1.3,1.4,7,10,1.53,0.026,0.015
c_lit_0,6e+02,2e+02,260,710,7,10,1.53,92,53
c_som_0,9e+03,4e+02,8400,9500,7,11,1.52,160,110
c_fol_0,462.024,0.024,460,460,2264,1445,1.00,0.00036,0.0005
c_lab_0,153.784,0.061,150,150,1154,1777,1.02,0.0019,0.0015
c_roo_0,36,3e+01,25,51,7,11,1.53,3.3,15
c_woo_0,6149,3e+01,6100,6200,7,10,1.53,3.3,15
c_fol_mean,6e+02,12,570,610,7,10,1.53,6,3.7
gpp_annual,2e+03,2e+01,1600,1700,7,10,1.53,7.9,5
nee_annual,-148,8,-160,-140,7,10,1.53,3.9,2.3
