variable,mean,sd,eti89_lb,eti89_ub,ess_bulk,ess_tail,r_hat,mcse_mean,mcse_sd,chain
f_auto,0.699945,5.6e-05,0.7,0.7,558,416,,1.8e-06,2.3e-06,0
theta_roo,0.0071,0.0017,0.0044,0.0094,241,181,,0.00016,0.00016,0
theta_woo,0.0009986,1.38e-06,0.001,0.001,954,492,,3.5e-08,4.7e-08,0
theta_min,0.00632,0.00019,0.006,0.0066,558,652,,8.2e-06,5.7e-06,0
temperature_exponent,0.03859,0.00024,0.038,0.039,949,636,,7.6e-06,5.4e-06,0
d_onset,117.31,0.18,120,120,667,769,,0.0071,0.0053,0
cr_onset,10.139,0.126,10,10,693,496,,0.0038,0.0046,0
d_fall,181,105,23,340,893,723,,3.4,1.5,0
cr_fall,149.982,0.016,150,150,920,434,,0.00041,0.00059,0
c_lf,0.333316,1.8e-05,0.33,0.33,373,292,,6.3e-07,9.1e-07,0
lma,191.972,0.029,190,190,539,299,,0.00082,0.0011,0
ceff,19.993,0.0067,20,20,609,325,,0.00022,0.00026,0
rh_annual,369.8,0.18,370,370,530,377,,0.0057,0.0072,0
f_som,0.5229,0.0068,0.51,0.53,393,470,,0.00035,0.00025,0
theta_lit,0.0005523,4.5e-06,0.00055,0.00056,784,436,,1.3e-07,2e-07,0
theta_som,4.539e-05,4.3e-07,4.5e-05,4.6e-05,329,258,,2.2e-08,2.6e-08,0
allocation_weights[0],0.60229,0.00114,0.6,0.6,1036,858,,3.6e-05,2.5e-05,0
allocation_weights[1],0.00082,0.00023,0.00047,0.0012,333,331,,1.2e-05,9.1e-06,0
allocation_weights[2],0.142,0.029,0.096,0.19,526,577,,0.0013,0.00089,0
allocation_weights[3],0.255,0.029,0.21,0.3,530,571,,0.0013,0.00089,0
f_lab,0.18072,0.00034,0.18,0.18,1033,855,,1.1e-05,7.6e-06,0
f_fol,0.000245,7e-05,0.00014,0.00037,333,331,,3.7e-06,2.7e-06,0
f_roo,0.0425,0.0088,0.029,0.058,526,577,,0.00038,0.00027,0
f_woo,0.0766,0.0088,0.062,0.09,530,571,,0.00038,0.00027,0
rh_ref,0.80407,0.00147,0.8,0.81,968,681,,4.7e-05,3.3e-05,0
decomposition_multiplier,1.2592,0.0022,1.3,1.3,949,636,,7.3e-05,5.1e-05,0
c_lit_0,695,11.2,680,710,423,500,,0.55,0.43,0
c_som_0,9e+03,2e+02,9000,9500,477,534,,8.1,6.7,0
c_fol_0,462.024,0.025,460,460,373,292,,0.00087,0.0013,0
c_lab_0,153.792,0.06,150,150,333,331,,0.0031,0.0023,0
c_roo_0,4e+01,4e+01,26,57,241,181,,6.1,20,0
c_woo_0,6e+03,4e+01,6100,6200,241,183,,6.1,20,0
c_fol_mean,576.2,1.7,570,580,1039,877,,0.053,0.039,0
gpp_annual,1654.5,3.1,1600,1700,1028,762,,0.095,0.071,0
nee_annual,-142.98,0.75,-140,-140,1047,894,,0.023,0.017,0
f_auto,0.699944,5.1e-05,0.7,0.7,452,296,,1.8e-06,2.2e-06,1
theta_roo,0.0074,0.00143,0.0048,0.0095,515,381,,6e-05,3.6e-05,1
theta_woo,0.00099859,1.4e-06,0.001,0.001,551,339,,4.1e-08,5.1e-08,1
theta_min,0.00632,0.00019,0.006,0.0066,521,529,,8.1e-06,5.6e-06,1
temperature_exponent,0.0386,0.00024,0.038,0.039,754,692,,8.8e-06,6e-06,1
d_onset,117.31,0.167,120,120,839,657,,0.0058,0.004,1
cr_onset,10.13,0.123,10,10,1114,696,,0.0032,0.004,1
d_fall,184,101,23,340,1325,712,,2.6,1.2,1
cr_fall,149.982,0.018,150,150,328,367,,0.00065,0.00083,1
c_lf,0.333317,1.7e-05,0.33,0.33,698,362,,4.8e-07,6.8e-07,1
lma,191.971,0.03,190,190,1081,487,,0.00075,0.00098,1
ceff,19.9928,0.0072,20,20,796,512,,0.00021,0.00035,1
rh_annual,369.81,0.18,370,370,666,434,,0.0054,0.0076,1
f_som,0.5234,0.0064,0.51,0.53,409,420,,0.00032,0.00022,1
theta_lit,0.0005524,4.4e-06,0.00055,0.00056,1010,452,,1.1e-07,1.3e-07,1
theta_som,4.533e-05,3.9e-07,4.5e-05,4.6e-05,587,460,,1.5e-08,1.5e-08,1
allocation_weights[0],0.60224,0.00116,0.6,0.6,882,816,,3.9e-05,2.6e-05,1
allocation_weights[1],0.00082,0.00023,0.00051,0.0012,429,508,,1.1e-05,8.7e-06,1
allocation_weights[2],0.14,0.029,0.095,0.19,453,473,,0.0014,0.0009,1
allocation_weights[3],0.257,0.029,0.21,0.3,449,451,,0.0014,0.0009,1
f_lab,0.18071,0.00035,0.18,0.18,873,818,,1.2e-05,8e-06,1
f_fol,0.000246,6.8e-05,0.00015,0.00037,429,508,,3.2e-06,2.6e-06,1
f_roo,0.0421,0.0087,0.028,0.056,453,473,,0.00041,0.00027,1
f_woo,0.077,0.0087,0.063,0.091,450,455,,0.00041,0.00027,1
rh_ref,0.804,0.00153,0.8,0.81,721,586,,5.7e-05,3.8e-05,1
decomposition_multiplier,1.2592,0.0023,1.3,1.3,754,692,,8.3e-05,5.7e-05,1
c_lit_0,693.8,11,680,710,567,404,,0.46,0.32,1
c_som_0,9e+03,2e+02,9000,9500,464,483,,7.6,6.6,1
c_fol_0,462.023,0.023,460,460,698,362,,0.00066,0.00094,1
c_lab_0,153.791,0.058,150,150,428,508,,0.0027,0.0022,1
c_roo_0,34.9,8.1,26,51,515,381,,0.32,0.41,1
c_woo_0,6149.3,8.1,6100,6200,517,364,,0.32,0.4,1
c_fol_mean,576.1,1.72,570,580,879,738,,0.057,0.039,1
gpp_annual,1654.4,3.1,1600,1700,878,635,,0.11,0.071,1
nee_annual,-142.97,0.74,-140,-140,928,955,,0.024,0.018,1
f_auto,0.6583,0.00148,0.66,0.66,627,650,,5.9e-05,4.5e-05,2
theta_roo,0.009978,2.2e-05,0.0099,0.01,963,543,,6.3e-07,9.1e-07,2
theta_woo,0.00099868,1.22e-06,0.001,0.001,1111,643,,3.3e-08,3.7e-08,2
theta_min,0.009974,2.9e-05,0.0099,0.01,785,447,,7.2e-07,8.6e-07,2
temperature_exponent,0.04992,0.00034,0.049,0.05,608,673,,1.4e-05,9.5e-06,2
d_onset,115.992,0.157,120,120,1446,701,,0.004,0.0029,2
cr_onset,10.11,0.103,10,10,1154,456,,0.0026,0.0035,2
d_fall,181,102,19,340,654,577,,3.7,1.7,2
cr_fall,34.22,0.28,34,35,890,720,,0.0095,0.0061,2
c_lf,0.333315,1.8e-05,0.33,0.33,774,463,,5.1e-07,7.4e-07,2
lma,191.893,0.107,190,190,1050,438,,0.0026,0.0032,2
ceff,19.9975,0.0025,20,20,773,538,,7.7e-05,0.00011,2
rh_annual,369.78,0.23,370,370,532,306,,0.0071,0.01,2
f_som,0.5308,0.0067,0.52,0.54,545,407,,0.00029,0.00021,2
theta_lit,0.001287,3.8e-05,0.0012,0.0013,533,548,,1.7e-06,1.1e-06,2
theta_som,4.571e-05,6.4e-07,4.5e-05,4.7e-05,348,442,,3.7e-08,3e-08,2
allocation_weights[0],0.4306,0.0031,0.43,0.44,723,703,,0.00011,8.9e-05,2
allocation_weights[1],0.00066,0.00019,0.0004,0.00098,473,606,,8.3e-06,6.8e-06,2
allocation_weights[2],0.4993,0.0112,0.48,0.52,1169,804,,0.00033,0.00024,2
allocation_weights[3],0.0694,0.0108,0.052,0.088,1296,755,,0.0003,0.00023,2
f_lab,0.14714,0.00049,0.15,0.15,940,688,,1.6e-05,1.2e-05,2
f_fol,0.000224,6.3e-05,0.00014,0.00034,473,600,,2.8e-06,2.3e-06,2
f_roo,0.1706,0.0041,0.16,0.18,1025,860,,0.00013,9e-05,2
f_woo,0.0237,0.0037,0.018,0.03,1312,755,,0.0001,7.9e-05,2
rh_ref,0.7345,0.0022,0.73,0.74,602,642,,8.8e-05,6.1e-05,2
decomposition_multiplier,1.3783,0.0039,1.4,1.4,608,673,,0.00016,0.00011,2
c_lit_0,268,8.4,260,280,442,583,,0.39,0.28,2
c_som_0,9e+03,2e+02,8200,8800,478,331,,10,7.8,2
c_fol_0,462.025,0.025,460,460,774,463,,0.00071,0.001,2
c_lab_0,153.766,0.066,150,150,473,584,,0.003,0.0025,2
c_roo_0,24.695,0.054,25,25,963,543,,0.0016,0.0023,2
c_woo_0,6159.51,0.09,6200,6200,602,608,,0.0037,0.0031,2
c_fol_mean,604.1,3.2,600,610,921,702,,0.11,0.078,2
gpp_annual,1618.1,5.4,1600,1600,896,673,,0.18,0.13,2
nee_annual,-161.11,0.79,-160,-160,701,770,,0.03,0.021,2
f_auto,0.699942,5.3e-05,0.7,0.7,733,486,,1.6e-06,1.9e-06,3
theta_roo,0.0073,0.0017,0.0046,0.0096,156,168,,0.00018,0.00019,3
theta_woo,0.0009985,1.5e-06,0.001,0.001,600,354,,4.4e-08,6.4e-08,3
theta_min,0.00632,0.0002,0.006,0.0066,852,732,,6.7e-06,5.1e-06,3
temperature_exponent,0.03859,0.00023,0.038,0.039,915,667,,7.6e-06,5.5e-06,3
d_onset,117.31,0.168,120,120,827,692,,0.0059,0.0043,3
cr_onset,10.134,0.13,10,10,842,456,,0.0038,0.005,3
d_fall,184,104,24,350,850,618,,3.3,1.5,3
cr_fall,149.981,0.019,150,150,712,462,,0.00057,0.00082,3
c_lf,0.333317,1.7e-05,0.33,0.33,626,361,,5e-07,5.6e-07,3
lma,191.972,0.028,190,190,646,346,,0.00083,0.0011,3
ceff,19.9931,0.0068,20,20,497,353,,0.00021,0.00033,3
rh_annual,369.81,0.19,370,370,689,418,,0.0059,0.0075,3
f_som,0.5232,0.007,0.51,0.53,466,464,,0.00033,0.00021,3
theta_lit,0.0005521,4.5e-06,0.00055,0.00056,572,363,,1.3e-07,1.6e-07,3
theta_som,4.536e-05,4.2e-07,4.5e-05,4.6e-05,495,408,,2.1e-08,2.4e-08,3
allocation_weights[0],0.60228,0.00113,0.6,0.6,972,868,,3.6e-05,2.5e-05,3
allocation_weights[1],0.00083,0.00023,0.00049,0.0012,515,567,,9.7e-06,6.8e-06,3
allocation_weights[2],0.141,0.032,0.091,0.19,535,421,,0.0014,0.0009,3
allocation_weights[3],0.256,0.032,0.2,0.31,540,425,,0.0014,0.00089,3
f_lab,0.18072,0.00033,0.18,0.18,999,952,,1.1e-05,7.3e-06,3
f_fol,0.000248,6.8e-05,0.00015,0.00036,515,567,,2.9e-06,2e-06,3
f_roo,0.0422,0.0095,0.027,0.058,535,421,,0.00041,0.00027,3
f_woo,0.0769,0.0096,0.061,0.092,540,431,,0.00041,0.00027,3
rh_ref,0.80412,0.00145,0.8,0.81,896,769,,4.9e-05,3.5e-05,3
decomposition_multiplier,1.2591,0.0022,1.3,1.3,915,667,,7.2e-05,5.2e-05,3
c_lit_0,694.4,11.6,680,710,583,560,,0.48,0.33,3
c_som_0,9e+03,2e+02,9000,9500,574,680,,7.1,5.3,3
c_fol_0,462.023,0.023,460,460,626,361,,0.00069,0.00077,3
c_lab_0,153.789,0.058,150,150,516,552,,0.0025,0.0017,3
c_roo_0,4e+01,4e+01,26,53,156,168,,6.1,19,3
c_woo_0,6e+03,4e+01,6100,6200,161,168,,6.1,19,3
c_fol_mean,576.2,1.68,570,580,1055,924,,0.052,0.035,3
gpp_annual,1654.5,3,1600,1700,1055,933,,0.093,0.064,3
nee_annual,-143.01,0.77,-140,-140,963,836,,0.025,0.017,3
